"Subnum","ChoiceSet","PropOptimal","RT"
1,"AB",0.13,3292.36
1,"CD",0.8,1673.88
1,"CA",0.88,4328.68
1,"CB",0.68,3409.96
1,"AD",0.36,1877.16
1,"BD",0.68,4112.72
2,"AB",0.53,1248.1
2,"CD",0.38,2800.64
2,"CA",0.84,1099.16
2,"CB",0.8,1081.56
2,"AD",0.24,1408.08
2,"BD",0.12,1184.08
3,"AB",0.23,1108.12
3,"CD",0.22,1661.86
3,"CA",1,1011.8
3,"CB",0.96,1303.76
3,"AD",0,958.92
3,"BD",0,1399.88
4,"AB",0.73,991.2
4,"CD",0.8,1035.64
4,"CA",0.96,774.88
4,"CB",0.96,987.24
4,"AD",1,1125.48
4,"BD",0.76,1073.28
5,"AB",0.61,875.1
5,"CD",0.68,845.52
5,"CA",0.56,775.96
5,"CB",0.48,784.36
5,"AD",0.52,622.56
5,"BD",0.68,744.72
6,"AB",0.666666666666667,942.84
6,"CD",0.56,1016.29333333333
6,"CA",0.04,861.76
6,"CB",0.16,1085
6,"AD",0.88,705.64
6,"BD",0.76,837.32
7,"AB",0.706666666666667,978.266666666667
7,"CD",0.68,1025.89333333333
7,"CA",0.68,924.56
7,"CB",0.64,861.12
7,"AD",0.44,954.84
7,"BD",0.6,1098.32
8,"AB",0.86,1404.07
8,"CD",0.7,1150.62
8,"CA",0.76,2587.52
8,"CB",0.68,2261.4
8,"AD",1,1670
8,"BD",1,1577.8
9,"AB",0.746666666666667,1246.48
9,"CD",0.706666666666667,1097.74666666667
9,"CA",0.72,1328.68
9,"CB",0.88,1483.52
9,"AD",0.76,2610.6
9,"BD",0.92,1290.64
10,"AB",0.826666666666667,1213.05333333333
10,"CD",0.733333333333333,1377.45333333333
10,"CA",0.92,1887.44
10,"CB",1,1440.56
10,"AD",0.92,1807.4
10,"BD",0,1384.12
11,"AB",0.6,849.95
11,"CD",0.62,1045.8
11,"CA",0.56,1011.6
11,"CB",0.96,1350.48
11,"AD",0.8,1014.4
11,"BD",0.52,1162.48
12,"AB",0.746666666666667,890.026666666667
12,"CD",0.666666666666667,1062.46666666667
12,"CA",0.32,1146.36
12,"CB",1,953.8
12,"AD",0.68,867.28
12,"BD",0.12,1192.72
13,"AB",0.71,992.04
13,"CD",0.24,951.88
13,"CA",0.36,1747.76
13,"CB",0.48,1361.16
13,"AD",0.28,1646.24
13,"BD",0.24,1371.72
14,"AB",0.42,1204.44
14,"CD",0.34,1123.48
14,"CA",0.28,1685.08
14,"CB",0.12,1111.84
14,"AD",0.36,1210.28
14,"BD",0.72,1087.72
15,"AB",0.2,1041.2
15,"CD",0.48,1134.34
15,"CA",0.92,1306.12
15,"CB",0,913.72
15,"AD",0,994.2
15,"BD",1,771.88
16,"AB",0.19,1140.59
16,"CD",0.78,1379.26
16,"CA",0.96,4051.76
16,"CB",0.72,938
16,"AD",0.12,1402.96
16,"BD",0.4,1104.92
17,"AB",0.92,1021.82666666667
17,"CD",0.933333333333333,1025.26666666667
17,"CA",0.72,1291.48
17,"CB",1,1042.68
17,"AD",0.88,1044.4
17,"BD",0,1397.6
18,"AB",0.4,1134.57
18,"CD",0.36,1159.68
18,"CA",0,1459.32
18,"CB",0.04,1873.2
18,"AD",0.96,1464.6
18,"BD",0.84,1589.32
19,"AB",0.37,1499.67
19,"CD",0.74,1338.92
19,"CA",0.52,987.08
19,"CB",0.4,1262.44
19,"AD",0.48,1204.88
19,"BD",0.6,1238.32
20,"AB",0.73,1404.87
20,"CD",0.9,1401.28
20,"CA",0,1371.8
20,"CB",0.88,1563.2
20,"AD",1,1107.04
20,"BD",1,1564.48
21,"AB",0.64,2024.15
21,"CD",0.58,2342.76
21,"CA",0,1411.28
21,"CB",1,1305.16
21,"AD",1,1178.4
21,"BD",0,1291.92
22,"AB",0.47,1116.41
22,"CD",0.48,1255.1
22,"CA",0.04,1667.76
22,"CB",0,1468.44
22,"AD",0.2,1760.72
22,"BD",0.12,1463.92
23,"AB",0.43,1211.72
23,"CD",0.88,1292.72
23,"CA",0.12,2593.64
23,"CB",1,4639
23,"AD",0.88,3856.16
23,"BD",0.2,1642.72
24,"AB",0.47,1137.92
24,"CD",0.64,1500.58
24,"CA",0.48,5005.08
24,"CB",0.36,1748.12
24,"AD",0.76,2679.48
24,"BD",0.48,1382.48
25,"AB",0.746666666666667,1514.50666666667
25,"CD",0.786666666666667,1244.44
25,"CA",0.2,2959.2
25,"CB",1,1856.64
25,"AD",1,1747.8
25,"BD",0.4,3360.8
26,"AB",0.49,946.07
26,"CD",0.48,929.44
26,"CA",0.4,1058.52
26,"CB",0.56,1233.8
26,"AD",0.24,860.2
26,"BD",0.44,1719.76
27,"AB",0.97,1205.41
27,"CD",0.94,1346.8
27,"CA",0.08,1464.92
27,"CB",1,850.4
27,"AD",1,1034.88
27,"BD",0,1415.92
28,"AB",0.78,1169.75
28,"CD",0.8,1342.42
28,"CA",0.12,1622.12
28,"CB",1,1484.84
28,"AD",0.96,1016.08
28,"BD",0.24,2141.04
29,"AB",0.85,922.17
29,"CD",0.74,1041.12
29,"CA",0.56,926.2
29,"CB",0.72,1158.04
29,"AD",1,996.04
29,"BD",1,1183.6
30,"AB",0.626666666666667,1381.96
30,"CD",0.506666666666667,1158.97333333333
30,"CA",0.76,1236.48
30,"CB",0.32,1350.36
30,"AD",0.32,1439.16
30,"BD",0.76,1294.2
31,"AB",0.66,1461.07
31,"CD",0.68,1553.4
31,"CA",0.44,1292.8
31,"CB",0.76,1381.28
31,"AD",0.64,1458.84
31,"BD",0.64,1448.52
32,"AB",0.8,862.29
32,"CD",0.94,1041.92
32,"CA",0.04,1212.68
32,"CB",0.84,1348.68
32,"AD",1,879.12
32,"BD",1,1322.36
33,"AB",0.36,1057.31
33,"CD",0.44,1203.28
33,"CA",0.36,930.96
33,"CB",0.28,858.56
33,"AD",0.4,905.16
33,"BD",0.44,773.56
34,"AB",0.79,1055.11
34,"CD",0.72,1406.42
34,"CA",0.04,1651.6
34,"CB",0.92,1743.48
34,"AD",1,1430.64
34,"BD",0.88,2371.48
35,"AB",0.4,1659.04
35,"CD",0.626666666666667,1501.58666666667
35,"CA",0.4,1015.48
35,"CB",0.52,979.24
35,"AD",0.44,759.28
35,"BD",0.56,892.88
36,"AB",0.65,1190.84
36,"CD",0.56,1563.68
36,"CA",0.4,893.84
36,"CB",0.56,1784.28
36,"AD",0.72,936.48
36,"BD",0.68,1183.52
37,"AB",0.613333333333333,1052.16
37,"CD",0.453333333333333,1060.4
37,"CA",0.04,1547.04
37,"CB",1,1242.12
37,"AD",0.08,1561.92
37,"BD",0,1178.28
38,"AB",0.506666666666667,1074.50666666667
38,"CD",0.626666666666667,1079.65333333333
38,"CA",0.76,1087.44
38,"CB",0.76,1064.52
38,"AD",0.12,963.84
38,"BD",0.16,1276.4
39,"AB",0.893333333333333,1083.77333333333
39,"CD",0.933333333333333,1098.10666666667
39,"CA",1,781.44
39,"CB",1,635.88
39,"AD",1,1081.16
39,"BD",1,1068
40,"AB",0.46,1486.25
40,"CD",0.62,1544.22
40,"CA",0.96,1088.36
40,"CB",0.96,1323.68
40,"AD",0,713.4
40,"BD",0.08,1035.96
41,"AB",0.706666666666667,1123.64
41,"CD",0.573333333333333,1329.84
41,"CA",0.52,1639.76
41,"CB",0.52,1497.16
41,"AD",0.44,1248.88
41,"BD",0.6,1568.12
42,"AB",1,733.31
42,"CD",0,1704.98
42,"CA",0.2,714.6
42,"CB",0.24,838
42,"AD",0.68,873.72
42,"BD",0.68,921.84
43,"AB",0.83,1545.44
43,"CD",0.28,1967
43,"CA",0.48,3860.76
43,"CB",0.48,1944.24
43,"AD",0.32,2629.44
43,"BD",0.2,2052.08
44,"AB",0.946666666666667,1031.74666666667
44,"CD",0.946666666666667,1257.77333333333
44,"CA",1,2658.44
44,"CB",1,1362.96
44,"AD",1,2533.04
44,"BD",0,2868.32
45,"AB",0.68,1053.57
45,"CD",0.6,1194.12
45,"CA",0.04,840.8
45,"CB",0.76,1416.2
45,"AD",1,836.96
45,"BD",1,984.76
46,"AB",0.6,925.85
46,"CD",0.68,1242.5
46,"CA",0.08,718.32
46,"CB",0.08,815.2
46,"AD",0.92,647.16
46,"BD",0.92,695.52
47,"AB",0.853333333333333,1190.96
47,"CD",0.92,1058.12
47,"CA",0.04,1813.84
47,"CB",1,1839.2
47,"AD",1,1224.72
47,"BD",0.64,2120.72
48,"AB",0.786666666666667,941.946666666667
48,"CD",0.493333333333333,970.053333333333
48,"CA",0,846.8
48,"CB",0.08,930.36
48,"AD",0.88,688.16
48,"BD",0.92,1073.64
49,"AB",0.52,2084.78
49,"CD",0.48,3012
49,"CA",0.32,2074.96
49,"CB",0.6,2249.72
49,"AD",0.64,2299.96
49,"BD",0.72,2019.8
50,"AB",0.64,1114.37333333333
50,"CD",0.666666666666667,1096.24
50,"CA",0.36,763.36
50,"CB",0.52,1009.28
50,"AD",0.72,994
50,"BD",0.68,1182.64
51,"AB",0.7,755.06
51,"CD",0.78,843.2
51,"CA",0.52,868.08
51,"CB",0.84,939.6
51,"AD",0.92,777.44
51,"BD",0.88,1418.88
52,"AB",0.23,1031.57
52,"CD",0.2,1115.18
52,"CA",0.04,746.96
52,"CB",0.08,966.64
52,"AD",0.96,925.2
52,"BD",1,782.6
53,"AB",0.28,1167.28
53,"CD",0.32,1410.06
53,"CA",0.76,2257.96
53,"CB",0.76,3008.6
53,"AD",0.28,3501.52
53,"BD",0.12,2068.04
54,"AB",0.59,1918.94
54,"CD",0.78,2509.22
54,"CA",0.48,1510.04
54,"CB",0.32,986.96
54,"AD",0.72,1296
54,"BD",0.68,1125.72
55,"AB",0.45,3919.6
55,"CD",0.54,5291.06
55,"CA",0.8,1205.04
55,"CB",0.68,1729.2
55,"AD",0.64,1411.52
55,"BD",0.92,1730.2
56,"AB",0.44,721.86
56,"CD",0.6,926.28
56,"CA",0.2,725.6
56,"CB",0.56,727.6
56,"AD",0.52,662.28
56,"BD",0.4,697.8
57,"AB",0.36,3214.06
57,"CD",0.8,1479.7
57,"CA",0.92,1125.72
57,"CB",0.68,1445.52
57,"AD",0.64,1728.8
57,"BD",0.96,1784.4
58,"AB",0.9,942.96
58,"CD",0.8,1043.68
58,"CA",0.24,1079.8
58,"CB",0.64,1682.36
58,"AD",0.64,1331.12
58,"BD",0.48,1006.92
59,"AB",0.57,1794.12
59,"CD",0.72,2020.32
59,"CA",0.72,1792.28
59,"CB",1,2183.2
59,"AD",1,3690.12
59,"BD",0.24,1958.04
60,"AB",0.47,1549.23
60,"CD",0.64,1536.5
60,"CA",0.8,1425.24
60,"CB",0.84,1510.32
60,"AD",0.36,1788.88
60,"BD",0.52,1269.6
61,"AB",0.73,1033.86
61,"CD",0.72,1047.32
61,"CA",0.92,1678.16
61,"CB",1,1038.32
61,"AD",1,995.24
61,"BD",0.08,1691.88
62,"AB",0.42,1301.3
62,"CD",0.48,1206.3
62,"CA",0.52,1694.12
62,"CB",0.44,1374.04
62,"AD",0.52,3776.36
62,"BD",0.52,898.08
63,"AB",0.9,1561.1
63,"CD",0.96,1659.08
63,"CA",0.96,836.52
63,"CB",0.76,916.08
63,"AD",1,1266.72
63,"BD",1,1298.68
64,"AB",0.96,1011.86
64,"CD",0.92,1007.62
64,"CA",0.08,1179.6
64,"CB",1,1241.28
64,"AD",1,1357.28
64,"BD",0.04,1881.88
65,"AB",0.44,1081.10666666667
65,"CD",0.4,1128.02666666667
65,"CA",0.28,908.64
65,"CB",0.44,1017.48
65,"AD",0.64,901.64
65,"BD",0.4,919.72
66,"AB",0,800.66
66,"CD",1,1018.44
66,"CA",0.08,885.44
66,"CB",0,797.36
66,"AD",1,872.8
66,"BD",0.96,899.32
67,"AB",0.67,1015.36
67,"CD",0.58,1484.28
67,"CA",0.68,750.72
67,"CB",0.68,960.28
67,"AD",0.32,831.64
67,"BD",0.36,735.04
68,"AB",0.626666666666667,1507.21333333333
68,"CD",0.466666666666667,1670.77333333333
68,"CA",0.52,1192.32
68,"CB",0.52,1626.92
68,"AD",0.48,1399.36
68,"BD",0.44,1428.44
69,"AB",0.71,1307.6
69,"CD",0.58,1261.06
69,"CA",0.04,937.16
69,"CB",0.48,1331.84
69,"AD",1,912.4
69,"BD",0.44,1250.84
70,"AB",0.77,951.34
70,"CD",0.8,1133.18
70,"CA",0.92,909.8
70,"CB",1,1096.08
70,"AD",1,1081.56
70,"BD",0.88,1347
71,"AB",0.453333333333333,981.986666666667
71,"CD",0.626666666666667,983.72
71,"CA",0.44,1181.24
71,"CB",0.84,1017.68
71,"AD",0.76,1419.92
71,"BD",0.16,1494.24
72,"AB",0.59,1195.38
72,"CD",0.4,1341.76
72,"CA",0.08,1181.84
72,"CB",0.92,1599.08
72,"AD",0.92,1499.56
72,"BD",0.4,1918.32
73,"AB",0.84,1285.62
73,"CD",0.16,1293.38
73,"CA",0.04,925.08
73,"CB",1,1204.12
73,"AD",0.76,847.8
73,"BD",0,1005.4
74,"AB",0.21,1210.58
74,"CD",0.1,965.52
74,"CA",0.92,1061.56
74,"CB",0.12,1153.16
74,"AD",0.08,720.52
74,"BD",0.8,935.96
75,"AB",0.3,1405.92
75,"CD",0.68,1311.8
75,"CA",0,1649.6
75,"CB",1,2062.6
75,"AD",1,3246.8
75,"BD",0,1884.92
76,"AB",0.04,1723.81
76,"CD",0.06,1640.72
76,"CA",0.44,2276.24
76,"CB",0.12,899.2
76,"AD",0.4,1826.56
76,"BD",0.44,1611.68
77,"AB",0.533333333333333,862.226666666667
77,"CD",0.933333333333333,932.773333333333
77,"CA",0.96,1409.2
77,"CB",1,1233.28
77,"AD",1,1745.2
77,"BD",1,1425.8
78,"AB",0.75,3072.4
78,"CD",0.8,1447.42
78,"CA",0.76,1109.92
78,"CB",0.76,1349.68
78,"AD",0.24,1372.88
78,"BD",0.56,1574.72
79,"AB",0.64,2075.59
79,"CD",0.64,2786.12
79,"CA",0.92,1072.76
79,"CB",0.88,1615.04
79,"AD",1,1288.28
79,"BD",1,1225.64
80,"AB",1,1229.66666666667
80,"CD",0,1145.90666666667
80,"CA",0,1362.12
80,"CB",1,1640.48
80,"AD",1,1460.08
80,"BD",0,1178.04
81,"AB",0.68,1643.02
81,"CD",0.64,1478
81,"CA",0,1825.96
81,"CB",0.04,1065.08
81,"AD",0.88,1013.64
81,"BD",0.92,1871.36
82,"AB",0.573333333333333,1123.46666666667
82,"CD",0.786666666666667,1212.81333333333
82,"CA",0.52,940.52
82,"CB",0.64,1108.28
82,"AD",0.88,1083.88
82,"BD",0.64,1382.6
83,"AB",0.653333333333333,943.866666666667
83,"CD",0.666666666666667,1013.85333333333
83,"CA",0.4,1250.48
83,"CB",0.88,1361.08
83,"AD",0.84,1089.96
83,"BD",0.64,1549.16
84,"AB",0.68,1166.52
84,"CD",0.693333333333333,1259.89333333333
84,"CA",0.24,1170.6
84,"CB",0.28,1086.08
84,"AD",0.6,1265.36
84,"BD",0.84,1008.44
85,"AB",0.76,1454.1
85,"CD",0.86,1681.4
85,"CA",0.64,1267.2
85,"CB",1,1344.32
85,"AD",0.8,1452.4
85,"BD",0.24,1613.88
86,"AB",0.61,1842.7
86,"CD",0.5,2339.6
86,"CA",0.68,1271.6
86,"CB",0.48,1074.36
86,"AD",0.68,1290.2
86,"BD",0.36,1412.2
87,"AB",0.63,1331.49
87,"CD",0.36,1236.02
87,"CA",0.48,1327.36
87,"CB",0.76,1468.48
87,"AD",0.4,1257.64
87,"BD",0.36,1340.12
88,"AB",0.706666666666667,1267.30666666667
88,"CD",0.853333333333333,1139.56
88,"CA",0.8,1337.52
88,"CB",1,1104.2
88,"AD",0.68,1207.32
88,"BD",0,1182.56
89,"AB",0.53,1192.4
89,"CD",0.38,1819.6
89,"CA",0.28,1246.72
89,"CB",0.52,1535.84
89,"AD",0.52,1030.2
89,"BD",0.2,1432.68
90,"AB",0.62,1076.64
90,"CD",0.54,1165.06
90,"CA",0.2,856.76
90,"CB",0.72,1348.88
90,"AD",0.84,982.44
90,"BD",0.56,1270.6
91,"AB",0.65,810.07
91,"CD",0.52,930.4
91,"CA",0,1133.56
91,"CB",1,1078.36
91,"AD",1,1137.24
91,"BD",0,1563.64
92,"AB",0.64,872.08
92,"CD",0.84,1093.16
92,"CA",0.96,1436.84
92,"CB",1,1045.32
92,"AD",1,771.32
92,"BD",1,921.56
93,"AB",0.47,1160.17
93,"CD",0.56,1058.6
93,"CA",0.76,1485.24
93,"CB",0.92,921.92
93,"AD",0.8,1160.64
93,"BD",0.16,1164.36
94,"AB",0.63,1338.63
94,"CD",0.86,1384.26
94,"CA",0.08,1281.44
94,"CB",1,1386.8
94,"AD",1,1209.96
94,"BD",0,1687.96
95,"AB",0.7,1393.51
95,"CD",0.7,1685.58
95,"CA",0.96,1447.4
95,"CB",1,1759.56
95,"AD",1,1412.52
95,"BD",0.96,1722.4
96,"AB",0.58,1008.17
96,"CD",0.7,1231.82
96,"CA",0.88,1724.84
96,"CB",1,2980.2
96,"AD",0.44,1969.32
96,"BD",0.08,2198.92
97,"AB",0.7,951.89
97,"CD",0.3,1072.74
97,"CA",0,642.96
97,"CB",0.04,692.36
97,"AD",0.92,691.28
97,"BD",0.88,729.76
98,"AB",0.86,977.67
98,"CD",0.48,1311.4
98,"CA",0.08,1196.68
98,"CB",0.88,1474.16
98,"AD",1,1109.16
98,"BD",1,1375.52
99,"AB",0.27,1175.02
99,"CD",0.44,1449.74
99,"CA",1,1157.16
99,"CB",0.96,1172.96
99,"AD",0,1521.88
99,"BD",1,1360.8
100,"AB",0.75,1070.45
100,"CD",0.66,1332.7
100,"CA",0.04,1833.08
100,"CB",0.92,1879.28
100,"AD",1,1128
100,"BD",1,2172.64
101,"AB",0.53,2872.43
101,"CD",0.46,3670.06
101,"CA",0.88,1520.2
101,"CB",0.96,1578.4
101,"AD",0.92,1520.76
101,"BD",0.12,1729.16
102,"AB",0.57,1517.32
102,"CD",0.42,1588.18
102,"CA",0.2,2009.52
102,"CB",0.56,1652
102,"AD",0.48,2161.96
102,"BD",0.28,2003.28
103,"AB",0.853333333333333,850.32
103,"CD",0.466666666666667,1079.34666666667
103,"CA",0.96,809.08
103,"CB",1,950.28
103,"AD",0.08,803.6
103,"BD",0,807.76
104,"AB",0.666666666666667,1538.25333333333
104,"CD",0.546666666666667,1517.57333333333
104,"CA",0.44,1667.32
104,"CB",0.72,1471.48
104,"AD",1,1401.96
104,"BD",0.8,1427.12
105,"AB",0.7,1357.73
105,"CD",0.6,1451.38
105,"CA",0,752.92
105,"CB",0.96,1537.64
105,"AD",1,862.92
105,"BD",1,1370.52
106,"AB",0.35,849.49
106,"CD",0.68,1166.14
106,"CA",0.04,815.16
106,"CB",0.04,685.92
106,"AD",0.88,712.36
106,"BD",0.96,697
107,"AB",0.75,2173.11
107,"CD",0.66,2579.32
107,"CA",1,712.96
107,"CB",1,701.32
107,"AD",0.88,927.48
107,"BD",0.76,1073
108,"AB",0.76,1176.96
108,"CD",0.76,1261.62
108,"CA",0.84,1110.84
108,"CB",1,1340.84
108,"AD",0.32,1137.48
108,"BD",0,903.52
109,"AB",0.85,1093.37
109,"CD",0.76,1189.16
109,"CA",1,1201.72
109,"CB",1,1326.52
109,"AD",0.88,1387.28
109,"BD",0,1328.28
110,"AB",0.51,2471.76
110,"CD",0.74,2524.6
110,"CA",0.44,2231.04
110,"CB",0.36,1313.32
110,"AD",0.56,1882.8
110,"BD",0.84,2018.28
111,"AB",0.89,1048.26
111,"CD",0.92,1200.46
111,"CA",0.96,1984.08
111,"CB",1,1861.68
111,"AD",1,1859.8
111,"BD",1,2269.2
112,"AB",0.94,1073.03
112,"CD",0.86,1118.24
112,"CA",0.84,1382.48
112,"CB",1,1144.72
112,"AD",0.92,1382.24
112,"BD",0,1505.8
113,"AB",0.63,1334.18
113,"CD",0.32,1252.7
113,"CA",0.8,1175.08
113,"CB",0.4,1299.96
113,"AD",0.2,924.8
113,"BD",0.56,1162.4
114,"AB",0.11,1161.35
114,"CD",0.86,1047.98
114,"CA",0.72,913.44
114,"CB",0.56,734.16
114,"AD",0.56,1064.52
114,"BD",0.6,1085.32
115,"AB",0.43,1217.57
115,"CD",0.52,1406.5
115,"CA",0.88,1256.4
115,"CB",0.96,1179.52
115,"AD",0.92,1427.6
115,"BD",0.12,1528.08
116,"AB",0.84,993.72
116,"CD",0.9,1258.5
116,"CA",0.12,929.36
116,"CB",0.08,852.68
116,"AD",0.68,1052.24
116,"BD",0.76,849.16
117,"AB",0.613333333333333,2046.88
117,"CD",0.613333333333333,1839.24
117,"CA",0.12,1291.12
117,"CB",0.96,1395.72
117,"AD",0.84,1225.32
117,"BD",0.04,1174.92
118,"AB",0.57,1940.08
118,"CD",0.48,2332.38
118,"CA",0.44,2612.56
118,"CB",0.48,2823.16
118,"AD",0.52,2870.72
118,"BD",0.6,2680.96
119,"AB",0.293333333333333,993.706666666667
119,"CD",0.626666666666667,838.226666666667
119,"CA",0.8,865.96
119,"CB",0.6,928.12
119,"AD",0.36,1071.92
119,"BD",0.8,740.8
120,"AB",0.85,2319.71
120,"CD",0.32,2464.86
120,"CA",0.48,1125.72
120,"CB",0.84,1425.36
120,"AD",0.44,832.12
120,"BD",0.32,1115.12
121,"AB",0.21,1994.97
121,"CD",0.26,1533
121,"CA",0.36,925.28
121,"CB",0.08,641.12
121,"AD",0.56,992.4
121,"BD",0.76,634.68
122,"AB",0.55,2109.06
122,"CD",0.52,2630.48
122,"CA",0.6,11304.12
122,"CB",0.36,4449.68
122,"AD",0.52,2339.52
122,"BD",0.32,2697.04
123,"AB",0.1,809.7
123,"CD",0.92,983.34
123,"CA",0.2,1176.44
123,"CB",0.2,843.96
123,"AD",0.76,1163.68
123,"BD",0.84,1243.28
124,"AB",0.57,1897.46
124,"CD",0.46,2257.36
124,"CA",0.6,2062.88
124,"CB",0.64,2431.2
124,"AD",0.4,2257.24
124,"BD",0.52,2776.12
125,"AB",0.62,1311.37
125,"CD",0.56,1580.24
125,"CA",0.08,1593.16
125,"CB",0.2,1416.04
125,"AD",0.48,2004.56
125,"BD",0.56,1429.76
126,"AB",0.58,1846.84
126,"CD",0.9,1995.02
126,"CA",0.88,952.76
126,"CB",1,1008.32
126,"AD",0.16,953.72
126,"BD",0,1002.68
127,"AB",0.866666666666667,1295.56
127,"CD",0.92,1197
127,"CA",0,1902
127,"CB",1,1635.04
127,"AD",1,1503.04
127,"BD",1,1759.64
128,"AB",0.6,2556.62
128,"CD",0.6,1310.6
128,"CA",0.08,991.96
128,"CB",1,1311.16
128,"AD",1,844.24
128,"BD",0,1529.64
129,"AB",0.73,991.5
129,"CD",0.66,1424.28
129,"CA",0.36,893.52
129,"CB",0.76,905.88
129,"AD",0.72,865.68
129,"BD",0.48,1029.44
130,"AB",0.67,1000.27
130,"CD",0.78,1375.46
130,"CA",0.28,781.72
130,"CB",0.44,1029.04
130,"AD",0.88,797.36
130,"BD",0.6,1003.68
131,"AB",0.92,753.6
131,"CD",0.94,880.66
131,"CA",0.08,717.36
131,"CB",0.84,1279.72
131,"AD",1,852.8
131,"BD",0.36,1363.56
132,"AB",0.2,1344.66
132,"CD",0.84,1534.1
132,"CA",0.28,1372
132,"CB",0.44,1616.12
132,"AD",0.76,1893.32
132,"BD",0.72,1133.04
133,"AB",0.7,908.84
133,"CD",0.2,914.62
133,"CA",0.08,556.68
133,"CB",0.24,734.56
133,"AD",0.8,711.28
133,"BD",0.68,810.96
134,"AB",0.61,1453.01
134,"CD",0.78,1574.9
134,"CA",0.32,1702.36
134,"CB",0.68,2040.24
134,"AD",0.8,1828.28
134,"BD",0.32,2205.76
135,"AB",0.79,962.73
135,"CD",0.76,1202.08
135,"CA",0.88,1019.6
135,"CB",0.92,1036.6
135,"AD",0.84,1234.56
135,"BD",0.16,1273.32
136,"AB",0.59,1983.69
136,"CD",0.38,1954.28
136,"CA",0.28,2147.76
136,"CB",0.68,2240.28
136,"AD",0.4,2085.04
136,"BD",0.04,2486.64
137,"AB",0.83,847.24
137,"CD",0.72,962.96
137,"CA",0.4,754.96
137,"CB",0.8,853.68
137,"AD",1,780.28
137,"BD",0.68,1157.76
138,"AB",0.413333333333333,3326.33333333333
138,"CD",0.68,2867.98666666667
138,"CA",0.32,2313.24
138,"CB",0.4,2695.76
138,"AD",0.84,2355.88
138,"BD",0.68,3140.64
139,"AB",0.89,1108.22
139,"CD",0.9,1212.2
139,"CA",0,1115.16
139,"CB",0.96,1549.72
139,"AD",0.96,1323.92
139,"BD",0,1475.56
140,"AB",0.36,999.76
140,"CD",0.44,1183.84
140,"CA",0.6,1128.96
140,"CB",0.48,1287
140,"AD",0.4,1280.92
140,"BD",0.72,1248.24
141,"AB",0.453333333333333,1288.54666666667
141,"CD",0.466666666666667,1167.93333333333
141,"CA",0.4,2064.08
141,"CB",0.84,2441.04
141,"AD",0.68,1423.96
141,"BD",0.08,1317.64
142,"AB",0.866666666666667,866.16
142,"CD",0.84,885.04
142,"CA",0.32,907.72
142,"CB",1,983.4
142,"AD",0.88,1015.08
142,"BD",0,755.76
143,"AB",0.32,1640.48
143,"CD",0.68,1942.42
143,"CA",0.56,906.84
143,"CB",0.68,881.12
143,"AD",0.44,1058.96
143,"BD",0.44,1617.92
144,"AB",0.42,1171.99
144,"CD",0.4,896.6
144,"CA",0.52,731.32
144,"CB",0.4,650.92
144,"AD",0.28,812.72
144,"BD",0.6,639.88
145,"AB",0.34,2485.04
145,"CD",0.7,2219.74
145,"CA",0.76,1171.04
145,"CB",0.56,997.24
145,"AD",0.52,1301.04
145,"BD",0.84,1648.8
146,"AB",0.6,1271.96
146,"CD",0.6,1523.86
146,"CA",0.08,952.36
146,"CB",0.92,1900.04
146,"AD",1,1150.84
146,"BD",1,1565.8
147,"AB",0.33,1706.53
147,"CD",0.28,1941.16
147,"CA",0.08,3879.2
147,"CB",0.16,2241.72
147,"AD",0.72,2968.08
147,"BD",0.44,2335.88
148,"AB",0.74,1070.78
148,"CD",0.4,1370.02
148,"CA",0,1021.12
148,"CB",0.04,861.64
148,"AD",1,891.8
148,"BD",1,707.84
149,"AB",0.44,1024.97333333333
149,"CD",0.293333333333333,1280.61333333333
149,"CA",0.12,1345.96
149,"CB",1,1370.44
149,"AD",1,1251.04
149,"BD",0.72,1826.96
150,"AB",0.2,1792.27
150,"CD",0.86,1596.94
150,"CA",0.96,1032.84
150,"CB",0.96,1674.72
150,"AD",0.24,1578.68
150,"BD",0.16,1616.84
151,"AB",0.5,1240
151,"CD",0.78,1136.52
151,"CA",0.2,1245.64
151,"CB",0.16,1265
151,"AD",0.68,1228.6
151,"BD",0.4,1231.6
152,"AB",0.39,1067.86
152,"CD",0.66,1106.28
152,"CA",0.92,1118.36
152,"CB",0.84,1593.6
152,"AD",0.2,1240.04
152,"BD",0.76,941.36
153,"AB",0.61,1334.58
153,"CD",0.54,1376.26
153,"CA",0.32,1878.24
153,"CB",0.2,1297.64
153,"AD",0.52,1613.6
153,"BD",0.52,1394
154,"AB",0.37,914.79
154,"CD",0.52,1060.06
154,"CA",0.2,934.84
154,"CB",0.76,1096.72
154,"AD",0.84,974.52
154,"BD",0.28,1037.8
155,"AB",0.7,1386.41
155,"CD",0.6,2114.7
155,"CA",0,1114.92
155,"CB",0.8,1921.92
155,"AD",0.96,1296.68
155,"BD",0.24,2792.84
156,"AB",0.74,727.69
156,"CD",0.56,910.9
156,"CA",0.36,918.92
156,"CB",0.44,866.72
156,"AD",0.76,1092.72
156,"BD",0.84,809.36
157,"AB",0.51,1120.98
157,"CD",0.46,1257.76
157,"CA",0.08,754.28
157,"CB",0.2,1073.16
157,"AD",0.96,904.52
157,"BD",0.72,1095
158,"AB",0.466666666666667,1117.53333333333
158,"CD",0.506666666666667,1084.69333333333
158,"CA",0.24,948.36
158,"CB",0.12,954.36
158,"AD",0.24,1077.16
158,"BD",0.24,902.92
159,"AB",0.7,1107.95
159,"CD",0.78,1102.28
159,"CA",0,1351.16
159,"CB",1,1410.6
159,"AD",0.92,1101
159,"BD",0.04,1629.44
160,"AB",0.75,1325.8
160,"CD",0.32,1326.48
160,"CA",0.44,1541.28
160,"CB",0.48,1504.4
160,"AD",0.28,915.24
160,"BD",0.32,1106.92
161,"AB",0.71,866.2
161,"CD",0.64,943
161,"CA",0.76,1692.52
161,"CB",1,1183.2
161,"AD",0.64,1089.4
161,"BD",0.16,1764.32
162,"AB",0.49,1565.86
162,"CD",0.52,1583.44
162,"CA",0.08,1434.64
162,"CB",0.32,1362.76
162,"AD",0.76,1575.24
162,"BD",0.84,1371.36
163,"AB",0,878.08
163,"CD",0,1105.44
163,"CA",0,1226.04
163,"CB",0,779.16
163,"AD",0,1511.8
163,"BD",1,842.08
164,"AB",0.71,1417.06
164,"CD",0.66,1504.44
164,"CA",0.48,1294.48
164,"CB",0.56,1473.88
164,"AD",0.68,950.48
164,"BD",0.4,1323.36
165,"AB",0.72,1385.08
165,"CD",0.58,1518.84
165,"CA",0.08,1294.84
165,"CB",0.92,1471.68
165,"AD",0.92,1415.76
165,"BD",0,1609.12
166,"AB",0.74,1259.23
166,"CD",0.88,1226.24
166,"CA",1,1535.64
166,"CB",1,1398.68
166,"AD",0.76,2052.92
166,"BD",0,1664.2
167,"AB",0.7,1388.8
167,"CD",0.4,1403.24
167,"CA",0.8,1956.56
167,"CB",0.76,1962.8
167,"AD",0.88,1932.2
167,"BD",0.92,1501.2
168,"AB",0.61,1629.02
168,"CD",0.68,1746.98
168,"CA",0.28,772.6
168,"CB",0.76,846.96
168,"AD",0.96,629.28
168,"BD",0.48,1474.36
169,"AB",0.693333333333333,992.68
169,"CD",0.72,912.466666666667
169,"CA",0.04,1150.12
169,"CB",1,1312.36
169,"AD",0.96,1036.52
169,"BD",0.2,1234.8
170,"AB",0.7,1246.64
170,"CD",0.46,1137.8
170,"CA",0.24,2874.96
170,"CB",0.96,2868.8
170,"AD",1,2440.16
170,"BD",0.8,2885.2
171,"AB",0.45,1200.74
171,"CD",0.54,1220.76
171,"CA",0.32,1252.72
171,"CB",0.04,802.08
171,"AD",0.6,996.32
171,"BD",0.8,801.48
172,"AB",0.69,1010.61
172,"CD",0.26,1341.16
172,"CA",0,1311.68
172,"CB",0.2,2004.24
172,"AD",0.84,1820.08
172,"BD",0.12,1767.32
173,"AB",0.44,1628.44
173,"CD",0.32,1498.26
173,"CA",0.32,1626.92
173,"CB",0.92,2298.68
173,"AD",0.88,2212.44
173,"BD",0.08,2006.32
174,"AB",0.61,1257.69
174,"CD",0.48,1248.62
174,"CA",0.44,2222.64
174,"CB",0.72,1877.68
174,"AD",0.84,1323.56
174,"BD",0.64,1936.64
175,"AB",0.23,1214.31
175,"CD",0.18,1303.38
175,"CA",0.64,1850.96
175,"CB",0.8,1345.48
175,"AD",0.52,3236.4
175,"BD",0.56,1787
176,"AB",0.75,1299.85
176,"CD",0.74,1193.68
176,"CA",0,1131.16
176,"CB",0.92,1356.4
176,"AD",1,1005.36
176,"BD",1,1539.44
177,"AB",0.54,1872.73
177,"CD",0.58,1432.7
177,"CA",0.6,886.48
177,"CB",0.4,959.28
177,"AD",0.52,1628.12
177,"BD",0.36,916.16
178,"AB",0.56,1175.36
178,"CD",0.54,1405.24
178,"CA",0.68,1687.88
178,"CB",0.52,1663.8
178,"AD",0.56,1147.52
178,"BD",0.6,1613.44
179,"AB",0.49,1131.05
179,"CD",0.46,1143.36
179,"CA",0.28,749.56
179,"CB",0.48,753.6
179,"AD",0.64,763.32
179,"BD",0.52,857.96
180,"AB",0.48,1109.91
180,"CD",0.54,1432.6
180,"CA",0.4,1393.16
180,"CB",0.56,1781.2
180,"AD",0.64,1716.4
180,"BD",0.48,2031.16
181,"AB",0.293333333333333,1415.89333333333
181,"CD",0.973333333333333,2055.36
181,"CA",0.96,1502
181,"CB",1,1303.76
181,"AD",0.92,1952.48
181,"BD",0,1792.52
182,"AB",0.853333333333333,1095.28
182,"CD",0.893333333333333,1294.38666666667
182,"CA",0.56,863.84
182,"CB",0.92,1232.64
182,"AD",0.76,1083.36
182,"BD",0.52,1179.64
183,"AB",0.91,877.48
183,"CD",0.92,1201.9
183,"CA",0,866.08
183,"CB",1,1027.72
183,"AD",1,667.52
183,"BD",0,1192.64
184,"AB",0.29,1163.56
184,"CD",0.72,1822.44
184,"CA",0.08,919.72
184,"CB",1,1289.32
184,"AD",0.96,783.56
184,"BD",0,1098.32
185,"AB",0.493333333333333,1213.21333333333
185,"CD",0.493333333333333,1079.24
185,"CA",0.52,1130.44
185,"CB",0.52,906.16
185,"AD",0.6,859.28
185,"BD",0.48,962.28
186,"AB",0.61,1383.77
186,"CD",0.58,1472.74
186,"CA",0.68,2120.08
186,"CB",0.72,2033.2
186,"AD",0.96,1663.64
186,"BD",0.92,1438.88
187,"AB",0.45,1805.11
187,"CD",0.22,1822.96
187,"CA",0.24,2109.36
187,"CB",0.24,1692.56
187,"AD",0.52,1237.16
187,"BD",0.64,1166.92
188,"AB",0.546666666666667,1323.64
188,"CD",0.693333333333333,1030.74666666667
188,"CA",0.92,1171.72
188,"CB",1,1078.84
188,"AD",1,1535.6
188,"BD",0.16,1986.6
189,"AB",0.91,837.83
189,"CD",0.9,908.12
189,"CA",0.32,1335.52
189,"CB",1,962.36
189,"AD",1,1138.36
189,"BD",0.08,1632.88
190,"AB",0.36,1311.87
190,"CD",0.42,1042
190,"CA",0.88,1273.96
190,"CB",0.64,1307.64
190,"AD",0.56,1484.76
190,"BD",0.8,1051.68
191,"AB",0.933333333333333,1340.76
191,"CD",0.973333333333333,1053.37333333333
191,"CA",0.52,1282.4
191,"CB",0.44,1030.16
191,"AD",0.48,1036.88
191,"BD",0.36,907.64
192,"AB",0.8,1013.89333333333
192,"CD",0.746666666666667,1027.44
192,"CA",0.52,1125.68
192,"CB",0.92,1083.48
192,"AD",0.92,1120.52
192,"BD",0.6,1167.28
193,"AB",0.94,928.3
193,"CD",0.92,1029.84
193,"CA",0.4,1317.4
193,"CB",0.8,1036.68
193,"AD",1,790.04
193,"BD",0.92,1050
194,"AB",0.78,1270.83
194,"CD",0.8,1260.14
194,"CA",0.92,1308.2
194,"CB",0.96,1163.44
194,"AD",1,1324.6
194,"BD",0.96,1253.16
195,"AB",0.653333333333333,2118.25333333333
195,"CD",0.4,2726.44
195,"CA",0.24,2446.48
195,"CB",0.72,2231.72
195,"AD",0.72,1668.4
195,"BD",0.36,2616
196,"AB",0.5,1348.02
196,"CD",0.58,1530.86
196,"CA",0.52,2164.24
196,"CB",0.32,1719.76
196,"AD",0.56,1455.52
196,"BD",0.56,2090.28
197,"AB",0.66,1103.56
197,"CD",0.36,1217.7
197,"CA",0.24,1282.6
197,"CB",0.56,1228.48
197,"AD",0.64,1485.6
197,"BD",0.48,1615.44
198,"AB",0.72,1173.74666666667
198,"CD",0.626666666666667,1198.6
198,"CA",0.48,819.24
198,"CB",0.44,1046.8
198,"AD",0.68,772
198,"BD",0.44,1611.24
199,"AB",0.64,1382.28
199,"CD",0.86,1547.46
199,"CA",0.68,1117.96
199,"CB",0.84,1430.4
199,"AD",0.96,1154.28
199,"BD",0.96,1720.44
200,"AB",0.653333333333333,945.026666666667
200,"CD",0.64,962.293333333333
200,"CA",0.56,1807.28
200,"CB",0.96,1577.36
200,"AD",0.56,1321.08
200,"BD",0.16,2925.24
201,"AB",0.56,1568.35
201,"CD",0.7,1307.12
201,"CA",0.92,1124.96
201,"CB",0.96,1270.48
201,"AD",0.64,1653.48
201,"BD",0.72,1675.72
202,"AB",0.82,850.38
202,"CD",0.64,888.8
202,"CA",0.2,989.56
202,"CB",1,1134.28
202,"AD",1,714.52
202,"BD",0.52,1303.48
203,"AB",0.44,1127.44
203,"CD",0.66,1241.34
203,"CA",0.08,1434.92
203,"CB",0.92,1242.84
203,"AD",1,1335.32
203,"BD",0.68,1675.32
204,"AB",0.7,1488.34
204,"CD",0.46,1466.04
204,"CA",0.44,2177.84
204,"CB",0.6,3010.2
204,"AD",0.48,1593
204,"BD",0.44,2673.64
205,"AB",0.52,1221.82
205,"CD",0.66,1292.4
205,"CA",0.8,1205.4
205,"CB",0.36,1409.96
205,"AD",0.72,2785.16
205,"BD",0.44,1802.16
206,"AB",0.933333333333333,1011.68
206,"CD",0.88,1144.42666666667
206,"CA",0.84,1306.28
206,"CB",0.92,2026.72
206,"AD",0.6,1783.68
206,"BD",0.08,1501.76
207,"AB",0.94,1234.46
207,"CD",0.8,1421.58
207,"CA",0,1092.84
207,"CB",1,1162.76
207,"AD",1,1001.32
207,"BD",0,1965.32
208,"AB",0.45,1687.1
208,"CD",0.7,1598.62
208,"CA",1,1193.08
208,"CB",1,2071.64
208,"AD",0,1339.32
208,"BD",1,1353.16
209,"AB",0.54,973.49
209,"CD",0.44,908.52
209,"CA",0.24,926.92
209,"CB",0.28,975.28
209,"AD",0.76,808.96
209,"BD",0.72,969.92
210,"AB",0.89,1653.98
210,"CD",0.26,1570.64
210,"CA",0,1447.56
210,"CB",0.68,2458.12
210,"AD",0.92,1765.04
210,"BD",0,1825.64
211,"AB",0.51,1477.08
211,"CD",0.54,1693.94
211,"CA",0.44,1926
211,"CB",0.4,1583.36
211,"AD",0.64,1636.4
211,"BD",0.6,1579.8
212,"AB",0.47,1047.33
212,"CD",0.36,1352.18
212,"CA",0.48,1099.16
212,"CB",0.84,1383.12
212,"AD",0.84,1074.32
212,"BD",0.44,1097.28
213,"AB",0.5,1149.29
213,"CD",0.58,1325.48
213,"CA",0.08,1215.96
213,"CB",0.4,1268.64
213,"AD",0.8,1187.52
213,"BD",0.6,1217.48
214,"AB",0.34,1104
214,"CD",0.5,1318.06
214,"CA",1,1329.68
214,"CB",1,1570.08
214,"AD",0.92,2293.68
214,"BD",0,2729.16
215,"AB",0.37,1141.12
215,"CD",0.48,1267.82
215,"CA",0.52,1372
215,"CB",0.68,1707.04
215,"AD",0.56,1476.16
215,"BD",0.4,1112.84
216,"AB",0.45,1302.33
216,"CD",0.72,1429.78
216,"CA",1,1330.04
216,"CB",0,1306.48
216,"AD",0,1465.96
216,"BD",0.96,1276.36
217,"AB",0.46,1540.03
217,"CD",0.64,1765.42
217,"CA",0.96,1438.48
217,"CB",0.96,1547.36
217,"AD",0.76,2109.12
217,"BD",0,1788.84
218,"AB",0.55,1489.38
218,"CD",0.72,1337.8
218,"CA",0.44,1025.24
218,"CB",0.28,948.48
218,"AD",0.72,1142.92
218,"BD",0.76,1229.76
219,"AB",0.58,1713.1
219,"CD",0.5,1896.44
219,"CA",0.52,1488.44
219,"CB",0.52,1270.4
219,"AD",0.48,1490.96
219,"BD",0.48,1408.84
220,"AB",0.77,1143.98
220,"CD",0.76,1463.72
220,"CA",0,1536.88
220,"CB",0.88,1628.68
220,"AD",1,1628.88
220,"BD",0,1790
221,"AB",0.8,1034.06
221,"CD",0.76,1494.56
221,"CA",0,1118.88
221,"CB",0.88,1306.44
221,"AD",1,1000.8
221,"BD",1,1367.88
222,"AB",0.7,1130.3
222,"CD",0.82,1854.42
222,"CA",0.04,1449.16
222,"CB",1,1018.44
222,"AD",0.92,1044.56
222,"BD",0,1562
223,"AB",0.58,1244.56
223,"CD",0.44,1325.48
223,"CA",0.36,1506.16
223,"CB",0.64,1395.16
223,"AD",0.4,1416.16
223,"BD",0.56,1296.48
224,"AB",0.493333333333333,1452.90666666667
224,"CD",0.48,2095.85333333333
224,"CA",0.08,2049.4
224,"CB",0.2,1997.84
224,"AD",0.44,1205.08
224,"BD",0.68,1352.44
225,"AB",0.49,1160.31
225,"CD",0.66,1248.46
225,"CA",0.44,939.16
225,"CB",0.56,795.24
225,"AD",0.88,947.56
225,"BD",0.96,911.12
226,"AB",0.853333333333333,1092.10666666667
226,"CD",0.12,1059.54666666667
226,"CA",0.8,843.32
226,"CB",0.88,993
226,"AD",0.04,874.64
226,"BD",0.08,1176.84
227,"AB",0.89,988.4
227,"CD",0.88,1188.96
227,"CA",0.16,1387.6
227,"CB",1,1612.56
227,"AD",1,1120.64
227,"BD",0.16,1833.4
228,"AB",0.23,965.05
228,"CD",0.76,1088.2
228,"CA",0.68,644.76
228,"CB",0.6,684.6
228,"AD",0.36,853.88
228,"BD",0.36,850.64
229,"AB",0.666666666666667,1090.6
229,"CD",0.92,1029.86666666667
229,"CA",1,829
229,"CB",1,874
229,"AD",0.96,986.16
229,"BD",1,1279.44
230,"AB",0.38,1071.53
230,"CD",0.48,1995.42
230,"CA",0.2,881.4
230,"CB",0.48,1762
230,"AD",0.68,852.12
230,"BD",0.4,923.2
231,"AB",0.65,2673.98
231,"CD",0.62,2501.36
231,"CA",0.52,4905.08
231,"CB",0.72,2230.24
231,"AD",0.6,2747
231,"BD",0.28,3067.76
232,"AB",0.76,1086.93333333333
232,"CD",0.72,1207.94666666667
232,"CA",1,2088.92
232,"CB",0.96,1084.88
232,"AD",1,1855.48
232,"BD",1,2075.56
233,"AB",0.866666666666667,1041.41333333333
233,"CD",0.906666666666667,1000.42666666667
233,"CA",0,1238.48
233,"CB",0.92,1136.12
233,"AD",1,988.84
233,"BD",0.96,1411.72
234,"AB",0.773333333333333,1353.37333333333
234,"CD",0.906666666666667,1176.41333333333
234,"CA",0.96,2269.24
234,"CB",0.6,1103.36
234,"AD",0,3410.2
234,"BD",0.2,854.32
235,"AB",0.613333333333333,1137.05333333333
235,"CD",0.613333333333333,1274.25333333333
235,"CA",0.92,1239.76
235,"CB",1,1143.44
235,"AD",0.96,1382.48
235,"BD",0.96,2457.6
236,"AB",0.77,1119.33
236,"CD",0.68,1459.62
236,"CA",0.52,2035.76
236,"CB",0.96,1898.8
236,"AD",0.84,1399.56
236,"BD",0.32,1896.48
237,"AB",0.893333333333333,899.28
237,"CD",0.613333333333333,998.68
237,"CA",0.08,1151.48
237,"CB",1,1360.88
237,"AD",1,1234.2
237,"BD",0,1344.68
238,"AB",0.7,998.72
238,"CD",0.72,1576.14
238,"CA",0.28,1012.24
238,"CB",0.6,1253.12
238,"AD",0.96,989.36
238,"BD",1,1090.16
239,"AB",0.46,1844.18
239,"CD",0.58,3894.82
239,"CA",0.48,2462.04
239,"CB",0.2,1799.8
239,"AD",0.12,2579.76
239,"BD",0.8,2049.56
240,"AB",0.466666666666667,1452.41333333333
240,"CD",0.613333333333333,1048.54666666667
240,"CA",0.52,1105.48
240,"CB",0.68,1511.24
240,"AD",0.68,1074.04
240,"BD",0.4,1114.6
241,"AB",0.82,1203.38
241,"CD",0.88,1370.88
241,"CA",0.64,1160.2
241,"CB",0.8,801.64
241,"AD",0.8,1099.6
241,"BD",0.8,925.48
242,"AB",0.89,802.04
242,"CD",0.82,1065.42
242,"CA",0.44,1048.32
242,"CB",1,993.96
242,"AD",0.92,991.72
242,"BD",0.04,2188.92
243,"AB",0.61,2549.54
243,"CD",0.66,4022.28
243,"CA",0.04,1417.28
243,"CB",0.92,1817.44
243,"AD",1,1699.28
243,"BD",1,1845
244,"AB",0.25,826.27
244,"CD",0.3,1130.54
244,"CA",1,1215.2
244,"CB",0.04,924.8
244,"AD",0,1105.6
244,"BD",0.8,899.52
245,"AB",0.68,1215.43
245,"CD",0.72,997.7
245,"CA",0.68,1537.68
245,"CB",0.68,1399.04
245,"AD",1,980.04
245,"BD",1,1271.6
246,"AB",0.48,1614.53
246,"CD",0.5,1763.94
246,"CA",0.76,1448.84
246,"CB",0.84,1455.52
246,"AD",0.48,1496.48
246,"BD",0.52,1078.28
247,"AB",0.84,1662.98666666667
247,"CD",0.84,1827.22666666667
247,"CA",0.44,1548.92
247,"CB",0.76,1997.68
247,"AD",0.88,1536.6
247,"BD",0.92,1842.6
248,"AB",0.34,993.65
248,"CD",0.7,799.48
248,"CA",0.4,867
248,"CB",0.16,815.44
248,"AD",0.52,868.72
248,"BD",1,770.48
249,"AB",0.56,1137.77
249,"CD",0.52,1401.96
249,"CA",1,1198.28
249,"CB",0.84,1354.96
249,"AD",0.04,1494.24
249,"BD",0.28,1164.92
250,"AB",0.78,1122.34
250,"CD",0.86,1175.82
250,"CA",0.4,1608.88
250,"CB",0.92,1381.4
250,"AD",1,1354.52
250,"BD",0.28,1954.36
251,"AB",0.84,1118.22666666667
251,"CD",0.906666666666667,946.973333333333
251,"CA",0.04,1468.24
251,"CB",0,997.68
251,"AD",1,1807.52
251,"BD",0.96,1444.12
252,"AB",0.09,1329.19
252,"CD",0,1409.7
252,"CA",0,939.6
252,"CB",0,1086.2
252,"AD",0.04,788.2
252,"BD",0,678.68
253,"AB",0.93,973.93
253,"CD",0.92,1308.98
253,"CA",0.96,916.92
253,"CB",1,959.84
253,"AD",0.68,1283.28
253,"BD",0.56,1422.12
254,"AB",0.53,934.56
254,"CD",0.38,834.44
254,"CA",0.12,822.68
254,"CB",0,714.56
254,"AD",0.96,817.6
254,"BD",0.96,1215.84
255,"AB",0.28,1034.51
255,"CD",0.4,1389.08
255,"CA",0.48,1646.24
255,"CB",0.92,1337.88
255,"AD",0.48,1060.84
255,"BD",0.2,1074
256,"AB",0.56,1180.53
256,"CD",0.58,1293.54
256,"CA",0.4,1295.52
256,"CB",0.88,1042.4
256,"AD",0.88,1129.16
256,"BD",0.72,1250.84
257,"AB",0.733333333333333,925.04
257,"CD",0.746666666666667,878.2
257,"CA",0.32,1014.24
257,"CB",0.96,917.12
257,"AD",1,939.84
257,"BD",0,1078.44
258,"AB",0.48,1872.82666666667
258,"CD",0.546666666666667,1875.21333333333
258,"CA",0.64,1089.48
258,"CB",0.76,1694.16
258,"AD",0.76,1995.8
258,"BD",0.56,1506.36
259,"AB",0.68,1059.38666666667
259,"CD",0.826666666666667,1059.29333333333
259,"CA",0.48,807.16
259,"CB",0.64,792.6
259,"AD",0.6,935.56
259,"BD",0.48,1035.36
260,"AB",0.213333333333333,1572.05333333333
260,"CD",0.72,990.613333333333
260,"CA",0.36,1580.76
260,"CB",0.08,1014
260,"AD",0.88,1246.2
260,"BD",1,1107.12
261,"AB",0.47,1713.65
261,"CD",0.28,1697.14
261,"CA",0.24,2180.76
261,"CB",0.24,1866.64
261,"AD",0.64,1510
261,"BD",0.88,1411.08
262,"AB",0.42,1209.98
262,"CD",0.32,1976.42
262,"CA",0.56,1432.8
262,"CB",0.4,1734.32
262,"AD",0.6,1379.28
262,"BD",0.52,1184.48
263,"AB",0.96,1073.15
263,"CD",0.86,1244.48
263,"CA",0.04,1818.28
263,"CB",0.92,1995.76
263,"AD",1,1826.8
263,"BD",0.96,1957.28
264,"AB",0.6,1097.2
264,"CD",0.54,1367.14
264,"CA",0.16,1189.16
264,"CB",0.36,1270.56
264,"AD",0.84,1156.76
264,"BD",0.4,1413.4
265,"AB",0.87,952.86
265,"CD",0.92,1138.34
265,"CA",0.96,1017.68
265,"CB",1,877.48
265,"AD",1,1329.52
265,"BD",1,1411.28
266,"AB",0.72,1301.22
266,"CD",0.42,1580.16
266,"CA",0.52,1573.52
266,"CB",0.64,887.8
266,"AD",0.44,1037.72
266,"BD",0.48,1540.16
267,"AB",0.66,1248.12
267,"CD",0.78,1757.34
267,"CA",0.96,1127.6
267,"CB",1,1003.72
267,"AD",0.96,881
267,"BD",1,897.24
268,"AB",0.906666666666667,920.973333333333
268,"CD",0.973333333333333,841.6
268,"CA",0.92,1205.28
268,"CB",0.96,1056.96
268,"AD",1,975.64
268,"BD",1,1859.16
269,"AB",0.74,1450.51
269,"CD",0.88,1714.82
269,"CA",0.24,1072.96
269,"CB",0.56,785.72
269,"AD",0.76,665.32
269,"BD",0.6,724.92
270,"AB",0.66,1517.44
270,"CD",0.58,3298.36
270,"CA",0.36,932.04
270,"CB",0.48,796.12
270,"AD",0.32,1015.16
270,"BD",0.6,1236.08
271,"AB",0.36,1438.28
271,"CD",0.38,1402.08
271,"CA",0.44,2404.24
271,"CB",0.48,965.2
271,"AD",0.6,859.76
271,"BD",0.48,1043.48
272,"AB",0.66,1056.27
272,"CD",0.54,1360.36
272,"CA",0.36,1051.12
272,"CB",0.48,956.72
272,"AD",0.56,935.08
272,"BD",0.68,905.76
273,"AB",0.65,1089.8
273,"CD",0.52,1117.94
273,"CA",0.4,1007.96
273,"CB",0.64,1108.12
273,"AD",0.76,874
273,"BD",0.44,778.2
274,"AB",0.84,843.4
274,"CD",0.866666666666667,675.84
274,"CA",0.96,713.28
274,"CB",1,579.04
274,"AD",1,847.36
274,"BD",0.36,1254.6
275,"AB",0.82,1152.76
275,"CD",0.58,1301.74
275,"CA",0.36,1372.52
275,"CB",0.92,1597.4
275,"AD",0.72,1193.24
275,"BD",0,1267.08
276,"AB",0.95,1246.16
276,"CD",1,1824.06
276,"CA",0,1539.48
276,"CB",0,1436.8
276,"AD",1,1445.28
276,"BD",1,1787.12
277,"AB",0.83,1240.09
277,"CD",0.66,1217.7
277,"CA",0.24,1190.6
277,"CB",0.64,1351.68
277,"AD",0.92,1828.84
277,"BD",0.4,1820.28
278,"AB",0.84,1067.50666666667
278,"CD",0.84,945.64
278,"CA",0.48,2308.08
278,"CB",1,1145.72
278,"AD",1,2171.2
278,"BD",0.72,1767.16
279,"AB",0.653333333333333,1310.22666666667
279,"CD",0.493333333333333,1509.85333333333
279,"CA",0.44,2808.52
279,"CB",0.52,1702
279,"AD",0.28,4320.12
279,"BD",0.76,2114.8
280,"AB",0.986666666666667,1200.62666666667
280,"CD",0.973333333333333,1232.06666666667
280,"CA",0.04,2034.36
280,"CB",1,1268.36
280,"AD",1,1813.8
280,"BD",0,1837
281,"AB",0.49,3270.43
281,"CD",0.76,1500.12
281,"CA",0.72,1290.4
281,"CB",0.96,2231.28
281,"AD",0.96,1618.28
281,"BD",0.08,2544.72
282,"AB",0.533333333333333,1223.93333333333
282,"CD",0.626666666666667,1385.88
282,"CA",0.68,1300.88
282,"CB",0.48,822.44
282,"AD",0.64,1018.68
282,"BD",0.56,762.08
283,"AB",0.82,1664.67
283,"CD",0.82,1764.58
283,"CA",0.28,1390.6
283,"CB",0.88,1288.6
283,"AD",1,1421
283,"BD",1,1778.24
284,"AB",0.466666666666667,936.426666666667
284,"CD",0.493333333333333,1210.33333333333
284,"CA",0.92,1267.84
284,"CB",0.04,1033
284,"AD",0.2,903.24
284,"BD",0.72,911.4
285,"AB",0.933333333333333,915.466666666667
285,"CD",0.933333333333333,964.04
285,"CA",0.88,1048.64
285,"CB",0.96,983.88
285,"AD",1,1937.56
285,"BD",0.04,1376.76
286,"AB",0.533333333333333,1411.37333333333
286,"CD",0.626666666666667,1543.93333333333
286,"CA",0.56,1520.4
286,"CB",0.72,1528.56
286,"AD",0.52,1507.36
286,"BD",0.32,1670.44
287,"AB",0.59,1465.44
287,"CD",0.58,1757.96
287,"CA",0.36,1413.96
287,"CB",0.8,1937.52
287,"AD",1,1050.44
287,"BD",0.76,1253.32
288,"AB",0.733333333333333,1084.08
288,"CD",0.946666666666667,1178.25333333333
288,"CA",1,1214.36
288,"CB",1,1374.32
288,"AD",0.96,1334.24
288,"BD",0.16,2217
289,"AB",0.75,1127.71
289,"CD",0.66,1313.76
289,"CA",0.04,1098.16
289,"CB",1,4417.08
289,"AD",1,1082.28
289,"BD",0.68,3059.92
290,"AB",0.746666666666667,1186.92
290,"CD",0.92,1115.16
290,"CA",0.84,1469.44
290,"CB",1,1415.56
290,"AD",1,1367.2
290,"BD",0.2,1744.56
291,"AB",0.87,2326.02
291,"CD",0.44,3286.54
291,"CA",0.28,1422.12
291,"CB",0.52,1959.12
291,"AD",0.8,1073.08
291,"BD",0.6,1004.4
292,"AB",0.65,997.16
292,"CD",0.68,922.6
292,"CA",0.6,542.4
292,"CB",0.48,615.6
292,"AD",0.64,721.28
292,"BD",0.4,901.64
293,"AB",0.6,1254.46
293,"CD",0.52,1450.8
293,"CA",0.52,4832.76
293,"CB",0.52,1794.56
293,"AD",0.6,2222.28
293,"BD",0.6,3920.04
294,"AB",0.39,1008.33
294,"CD",0.76,1080.54
294,"CA",0.84,846.56
294,"CB",0.68,806.84
294,"AD",0.36,1467.8
294,"BD",0.52,1144.52
295,"AB",0.56,2411.71
295,"CD",0.68,2862.8
295,"CA",0,1737.32
295,"CB",0.28,3279.48
295,"AD",1,730.8
295,"BD",0.72,1413.52
296,"AB",0.86,925.04
296,"CD",0.84,1077.22
296,"CA",1,870.04
296,"CB",0.96,952.52
296,"AD",0.8,984.68
296,"BD",0.04,905.76
297,"AB",0.54,1603.33
297,"CD",0.6,2365.62
297,"CA",0.48,2399.52
297,"CB",0.64,1405.32
297,"AD",0.44,1795.24
297,"BD",0.52,3469.72
298,"AB",0.31,1148.97
298,"CD",0.22,1000.98
298,"CA",0.92,989.64
298,"CB",0.76,968.92
298,"AD",0.04,956.24
298,"BD",0.12,846.64
299,"AB",0.31,2102.03
299,"CD",0.62,2255.98
299,"CA",1,1386.56
299,"CB",0.88,1203.28
299,"AD",0.08,2064.2
299,"BD",0.32,1402.4
300,"AB",0.88,853.7
300,"CD",0.9,1012.68
300,"CA",0.12,875.96
300,"CB",0.08,946.92
300,"AD",1,758.2
300,"BD",0.92,927.8
301,"AB",0.613333333333333,1029.10666666667
301,"CD",0.746666666666667,1028.22666666667
301,"CA",0.88,1303.48
301,"CB",0.84,907.36
301,"AD",0.2,958.56
301,"BD",0.12,942.2
302,"AB",0.373333333333333,860.32
302,"CD",0.64,853.92
302,"CA",0.52,783.4
302,"CB",0.4,804.44
302,"AD",0.48,941.12
302,"BD",0.52,700.36
303,"AB",0.94,809.11
303,"CD",0.92,958.2
303,"CA",0.52,1140.76
303,"CB",0.72,1072.44
303,"AD",0.56,1056.04
303,"BD",0.28,1152.2
304,"AB",0.59,1594.32
304,"CD",0.46,1665.26
304,"CA",0.16,1607.32
304,"CB",0.56,1840.64
304,"AD",0.64,1377.84
304,"BD",0.24,1667.8
305,"AB",0.31,847.78
305,"CD",0.8,953.7
305,"CA",0.48,914.24
305,"CB",0.44,904.96
305,"AD",0.68,1241.32
305,"BD",0.76,985.56
306,"AB",0.71,847.17
306,"CD",0.82,1071.82
306,"CA",0.96,1705.76
306,"CB",1,1035.76
306,"AD",1,1489.64
306,"BD",1,1895.08
307,"AB",0.85,747.2
307,"CD",0.24,954.98
307,"CA",0.16,801.52
307,"CB",0.2,655
307,"AD",0.76,641.96
307,"BD",0.8,1251.4
308,"AB",0.45,1377.64
308,"CD",0.6,1490.96
308,"CA",0.92,1783.08
308,"CB",0.56,1483.88
308,"AD",0.24,4903.88
308,"BD",0.52,1640.84
309,"AB",0.56,1068.75
309,"CD",0.74,1726.7
309,"CA",0.8,814.8
309,"CB",0.88,826.44
309,"AD",0.68,1016.88
309,"BD",0.48,1107.48
310,"AB",0.49,871.63
310,"CD",0.56,949.28
310,"CA",0.24,876.4
310,"CB",0.44,1024.92
310,"AD",0.56,1183.92
310,"BD",0.6,1054.72
311,"AB",0.55,1676.52
311,"CD",0.5,2427.68
311,"CA",0.52,2117.64
311,"CB",0.96,1881.48
311,"AD",0.64,1699.56
311,"BD",0,2758.88
312,"AB",0.59,1178.86
312,"CD",0.58,1255.2
312,"CA",1,1241.52
312,"CB",1,948.8
312,"AD",0.8,1153.48
312,"BD",0.2,1146
313,"AB",0.72,1536.72
313,"CD",0.36,1941.8
313,"CA",0.2,2711.6
313,"CB",0.28,3682.84
313,"AD",0.68,856.8
313,"BD",0.56,807.8
314,"AB",0.506666666666667,1314.58666666667
314,"CD",0.72,1232.38666666667
314,"CA",0.68,835.8
314,"CB",0.64,767.56
314,"AD",0.72,1155.44
314,"BD",0.88,1005.48
315,"AB",0.55,982.27
315,"CD",0.52,895.9
315,"CA",0.4,1336.76
315,"CB",0.72,1226.08
315,"AD",0.48,1289.32
315,"BD",0.4,1007.08
316,"AB",0.573333333333333,1163.12
316,"CD",0.466666666666667,1265.82666666667
316,"CA",0.52,1045.08
316,"CB",0.48,1128.68
316,"AD",0.48,769.24
316,"BD",0.24,1026.36
317,"AB",0.63,1390.26
317,"CD",0.42,1707.18
317,"CA",0.52,1864.92
317,"CB",0.64,1714.6
317,"AD",0.64,1603.24
317,"BD",0.52,1906.52
318,"AB",0.93,853.8
318,"CD",0.76,1208.86
318,"CA",0,941
318,"CB",1,1537.96
318,"AD",0.96,1038
318,"BD",0,1418.68
319,"AB",0.76,1293.26
319,"CD",0.28,1357.08
319,"CA",0.56,966.52
319,"CB",0.56,1048.12
319,"AD",0.56,1112.08
319,"BD",0.72,1297.72
320,"AB",0.55,758.22
320,"CD",0.36,1309.86
320,"CA",1,1642.16
320,"CB",0.04,862.36
320,"AD",0.2,2004.12
320,"BD",1,1065.32
321,"AB",0.62,1210.59
321,"CD",0.58,1310.06
321,"CA",0.84,1244.52
321,"CB",0.92,1772.68
321,"AD",1,1618.6
321,"BD",0.88,1561.32
322,"AB",0.72,956.826666666667
322,"CD",0.84,920.666666666667
322,"CA",0.96,1288.2
322,"CB",0.96,1996.8
322,"AD",1,1193.2
322,"BD",1,1731.36
323,"AB",0.47,1306.46
323,"CD",0.78,2358.64
323,"CA",0.48,1328.44
323,"CB",0.52,3246.8
323,"AD",0.52,1235
323,"BD",0.52,986.4
324,"AB",0.4,1162.33333333333
324,"CD",0.866666666666667,1126.97333333333
324,"CA",1,1714.32
324,"CB",0.32,1695.08
324,"AD",0.8,1325.68
324,"BD",1,1324.2
325,"AB",0.946666666666667,3652.84
325,"CD",0.946666666666667,1604.44
325,"CA",1,1400.96
325,"CB",1,1621.08
325,"AD",0.08,1537.96
325,"BD",0,1383.4
326,"AB",0.02,1055
326,"CD",0.02,1322.76
326,"CA",0.88,1524.64
326,"CB",0.64,1863.56
326,"AD",0.48,1558.6
326,"BD",0.84,1635.48
327,"AB",0.82,953.8
327,"CD",0.74,1237.1
327,"CA",0.68,995.52
327,"CB",0.6,994.4
327,"AD",0.2,766.08
327,"BD",0.28,643.48
328,"AB",0.24,1096.73333333333
328,"CD",0.36,946.426666666667
328,"CA",0.92,1616.28
328,"CB",0.76,2174.16
328,"AD",0,1921.2
328,"BD",0.28,1735.76
329,"AB",0.59,1275.71
329,"CD",0.5,1347.88
329,"CA",0.52,1122.08
329,"CB",0.36,1083.2
329,"AD",0.44,1084.68
329,"BD",0.6,1128.96
330,"AB",0.84,1030.72
330,"CD",0.64,1391.14
330,"CA",0.2,2325.48
330,"CB",0.88,1788.76
330,"AD",1,1561.28
330,"BD",0.72,2006.32
331,"AB",0.52,1393.78
331,"CD",0.88,1373.9
331,"CA",1,1159.24
331,"CB",1,1076.36
331,"AD",1,1048.84
331,"BD",1,1356.24
332,"AB",0.84,1074.05
332,"CD",0.84,1264.28
332,"CA",0.52,1250.16
332,"CB",0.6,1638.6
332,"AD",0.76,968.04
332,"BD",0.64,1309.52
333,"AB",0.64,784.99
333,"CD",0.22,985.66
333,"CA",0.28,964.76
333,"CB",0.24,789.76
333,"AD",0.72,745.04
333,"BD",0.56,881.52
334,"AB",0.5,1405.3
334,"CD",0.56,1589.48
334,"CA",0,2560.48
334,"CB",0,1551
334,"AD",0.04,1934.28
334,"BD",0,1903.36
335,"AB",0.56,1369.26
335,"CD",0.48,1297.18
335,"CA",0,1195.4
335,"CB",0.96,1489.28
335,"AD",1,1551.24
335,"BD",1,1512.44
336,"AB",0.68,1269.15
336,"CD",0.42,1353.74
336,"CA",0.08,812
336,"CB",1,1440.44
336,"AD",0.8,835.24
336,"BD",0,971.88
337,"AB",0.84,3235.94
337,"CD",0.88,2119.6
337,"CA",0.72,2633.08
337,"CB",0.72,3234.32
337,"AD",0.6,2827.64
337,"BD",0.48,2619
338,"AB",0.69,1128
338,"CD",0.42,1482.4
338,"CA",0.24,1261.88
338,"CB",0.4,2480.56
338,"AD",0.76,2804.88
338,"BD",0.32,875.16
339,"AB",0.56,865.026666666667
339,"CD",0.466666666666667,1003.13333333333
339,"CA",0,600.96
339,"CB",0,1207.64
339,"AD",1,558.08
339,"BD",0.16,887.88
340,"AB",0.83,1027.57
340,"CD",0.62,1164.86
340,"CA",0.16,1181.96
340,"CB",0.2,1160.48
340,"AD",0.76,1545.76
340,"BD",0.64,4032.24
341,"AB",0.773333333333333,924.613333333333
341,"CD",0.866666666666667,1060.58666666667
341,"CA",0,1202.92
341,"CB",0.88,1263.36
341,"AD",0.96,1335.92
341,"BD",1,1705.04
342,"AB",0.7,1208.65
342,"CD",0.74,1274.58
342,"CA",1,1227.92
342,"CB",1,1212.32
342,"AD",0.84,1983.36
342,"BD",0,1510.44
343,"AB",0.44,924.293333333333
343,"CD",0.333333333333333,2015.64
343,"CA",0.52,1556.36
343,"CB",0.48,817.44
343,"AD",0.56,1388.96
343,"BD",0.48,1157.36
344,"AB",0.666666666666667,1258.38666666667
344,"CD",0.826666666666667,1128.89333333333
344,"CA",0.48,988.52
344,"CB",0.52,1069.28
344,"AD",0.48,1195.64
344,"BD",0.52,917.56
345,"AB",0.666666666666667,2727.26666666667
345,"CD",0.613333333333333,2153.84
345,"CA",0,1933.92
345,"CB",1,2645.08
345,"AD",1,1184.12
345,"BD",1,1789.84
346,"AB",0.65,973.01
346,"CD",0.5,1044.02
346,"CA",1,1196
346,"CB",0.28,1396.24
346,"AD",0.12,1069.24
346,"BD",0.76,1013.76
347,"AB",0.58,1849.57
347,"CD",0.8,1798.18
347,"CA",1,1325.8
347,"CB",1,1797.6
347,"AD",0.96,2215.24
347,"BD",0.96,1479.12
348,"AB",0.78,1055.82
348,"CD",0.82,1325.24
348,"CA",0.16,2203.68
348,"CB",0.88,2602.88
348,"AD",0.76,1657.04
348,"BD",0.2,2647.52
349,"AB",0.84,890.46
349,"CD",0.7,1255.1
349,"CA",0,981.96
349,"CB",1,1087.12
349,"AD",1,1039.72
349,"BD",0,946.56
350,"AB",0.59,2473.7
350,"CD",0.56,2172.14
350,"CA",0.36,2856.24
350,"CB",0.92,1967.16
350,"AD",0.72,2313.4
350,"BD",0.48,1930.68
351,"AB",0.46,1685.23
351,"CD",0.56,1447.46
351,"CA",0.72,1761.28
351,"CB",0.16,1877.24
351,"AD",0.2,1589.64
351,"BD",0.96,1771
352,"AB",0.97,902.71
352,"CD",0.04,1201.74
352,"CA",0,566.72
352,"CB",0,1886.44
352,"AD",1,656.48
352,"BD",0.96,1063.84
353,"AB",0.893333333333333,957.04
353,"CD",0.92,922.506666666667
353,"CA",0.08,1031.84
353,"CB",0.96,1355.64
353,"AD",1,948.28
353,"BD",0.96,1904.8
354,"AB",0.69,1155.53
354,"CD",0.76,1247.64
354,"CA",0.04,1348.36
354,"CB",1,1905.6
354,"AD",1,1505.8
354,"BD",1,1734.12
355,"AB",0.74,968.77
355,"CD",0.84,1092.54
355,"CA",0.88,1298.08
355,"CB",1,1444.08
355,"AD",0.84,1763.16
355,"BD",0.6,1401.2
356,"AB",0.7,850.11
356,"CD",0.5,832.84
356,"CA",0.08,983.12
356,"CB",1,987.96
356,"AD",0.92,1021.16
356,"BD",0.04,1117.16
357,"AB",0.93,1150.76
357,"CD",0.9,1455.2
357,"CA",0.8,1099.64
357,"CB",1,1557
357,"AD",1,1011.76
357,"BD",0,1195.48
358,"AB",0.33,2664.78
358,"CD",0.88,2700.08
358,"CA",0.08,2919.28
358,"CB",0.12,1474.04
358,"AD",0.88,1182.84
358,"BD",0.84,1083.68
359,"AB",0.94,1362.69
359,"CD",0.92,1221.8
359,"CA",0.96,2388.52
359,"CB",1,1511.88
359,"AD",1,2054.2
359,"BD",1,2158.68
360,"AB",0.65,931.84
360,"CD",0.68,1355.36
360,"CA",1,636.4
360,"CB",1,860.52
360,"AD",0.2,1236.08
360,"BD",0,908.28
361,"AB",0.96,1033.76
361,"CD",0.98,1008.02
361,"CA",0.84,872.92
361,"CB",1,1164.28
361,"AD",0.52,1096
361,"BD",0.04,1286.96
362,"AB",0,1359.84
362,"CD",0.146666666666667,5759.98666666667
362,"CA",1,1531.48
362,"CB",0.32,1610.2
362,"AD",0,1412.56
362,"BD",0.28,2195.72
363,"AB",0.77,1219.23
363,"CD",0.72,1277.9
363,"CA",0.68,1604.68
363,"CB",0.68,2548.84
363,"AD",0.8,1945.8
363,"BD",0.68,2394.96
364,"AB",0.86,1052.64
364,"CD",0.76,1520.72
364,"CA",0.08,1283.92
364,"CB",1,1320.2
364,"AD",1,1064.44
364,"BD",0.24,2076.84
365,"AB",0.426666666666667,1331.14666666667
365,"CD",0.626666666666667,1122.18666666667
365,"CA",1,1255.44
365,"CB",1,1200.52
365,"AD",1,1166.88
365,"BD",0.96,1180.48
366,"AB",0.78,1205.65
366,"CD",0.46,1264.1
366,"CA",0.04,900.44
366,"CB",0.28,1245.04
366,"AD",0.16,1187.04
366,"BD",0.16,1420.24
367,"AB",0.18,1079.32
367,"CD",0.24,1199.6
367,"CA",0.72,1454.08
367,"CB",0.32,1690.6
367,"AD",0.16,1195.48
367,"BD",0.36,1214.88
368,"AB",0.43,1252.83
368,"CD",0.68,1079.44
368,"CA",0.64,1707.72
368,"CB",0.48,1230.56
368,"AD",0.52,1532.2
368,"BD",0.76,1225.44
369,"AB",0.546666666666667,1190.8
369,"CD",0.453333333333333,1042.2
369,"CA",0.2,911.68
369,"CB",0.12,861.16
369,"AD",0.96,913.36
369,"BD",0.92,796.72
370,"AB",0.61,1611.67
370,"CD",0.6,1935.22
370,"CA",0.6,1361.68
370,"CB",0.56,1510.44
370,"AD",0.68,1444.68
370,"BD",0.72,1330.2
371,"AB",0.4,858.986666666667
371,"CD",0.373333333333333,1151.12
371,"CA",1,1719.44
371,"CB",0.08,901.4
371,"AD",0.04,1590.84
371,"BD",0.8,1223.32
372,"AB",0.52,1463.25
372,"CD",0.6,1474.44
372,"CA",0.32,1061.4
372,"CB",0.72,943.84
372,"AD",0.72,748.52
372,"BD",0.4,1261.04
373,"AB",0.67,1127.83
373,"CD",0.6,1276.56
373,"CA",0.6,945.56
373,"CB",0.84,1104.08
373,"AD",0.72,1182.84
373,"BD",0.36,1165.28
374,"AB",0.75,1409.09
374,"CD",0.8,1356.94
374,"CA",0.24,802.44
374,"CB",1,1035.36
374,"AD",1,984.2
374,"BD",0.12,1463.72
375,"AB",0.6,1478.68
375,"CD",0.56,1555.33333333333
375,"CA",0.52,2314.24
375,"CB",0.68,1629.2
375,"AD",0.68,2034.52
375,"BD",0.64,2460.04
376,"AB",0.77,1254.13
376,"CD",0.8,964.76
376,"CA",0.72,1009.48
376,"CB",0.88,1050.88
376,"AD",0.36,1579.08
376,"BD",0.16,1329.04
377,"AB",0.73,913.4
377,"CD",0.22,1044.48
377,"CA",0,904.12
377,"CB",0,988.32
377,"AD",1,1305.52
377,"BD",1,1092.2
378,"AB",0.653333333333333,1449.56
378,"CD",0.68,1346.32
378,"CA",1,1272.52
378,"CB",1,1274.16
378,"AD",1,2112.6
378,"BD",1,1559.64
379,"AB",0.91,1461.52
379,"CD",0.1,1056.36
379,"CA",0.2,841.72
379,"CB",0.28,952.76
379,"AD",0.76,837.68
379,"BD",0.64,1076.64
380,"AB",0.506666666666667,2328.02666666667
380,"CD",0.52,2583.53333333333
380,"CA",1,742.36
380,"CB",0.96,633.72
380,"AD",0.92,1681
380,"BD",0.08,987.36
381,"AB",0.31,1506.61
381,"CD",0.68,2001.82
381,"CA",1,940.28
381,"CB",0.12,1127.2
381,"AD",0,1053.2
381,"BD",0.48,872.8
382,"AB",0.706666666666667,1003.76
382,"CD",0.8,1014.17333333333
382,"CA",0.56,1560.84
382,"CB",0.92,1309.44
382,"AD",0.8,1525.16
382,"BD",0.08,1420.68
383,"AB",0.71,832.39
383,"CD",0.64,1131.26
383,"CA",0.76,1375.68
383,"CB",0.92,1689.28
383,"AD",1,1422.92
383,"BD",0.12,1854.28
384,"AB",0.68,1087.64
384,"CD",0.74,1089.32
384,"CA",1,1220.44
384,"CB",0.96,1194.8
384,"AD",1,1376.2
384,"BD",1,1335.4
385,"AB",0.653333333333333,1381.66666666667
385,"CD",0.853333333333333,1430.50666666667
385,"CA",0.96,2647.28
385,"CB",0.56,2059.84
385,"AD",1,2302.84
385,"BD",1,1531.68
386,"AB",0.43,1604.46
386,"CD",0.66,1481.62
386,"CA",0.48,924.24
386,"CB",0.36,973.2
386,"AD",0.52,1104.28
386,"BD",0.8,1066.84
387,"AB",0.59,757.64
387,"CD",0.8,912.98
387,"CA",0.2,795.28
387,"CB",0.84,1092.16
387,"AD",1,786.56
387,"BD",1,839.76
388,"AB",0.61,872.46
388,"CD",0.54,1103.84
388,"CA",0.12,812.72
388,"CB",0.56,1081.84
388,"AD",0.8,857.84
388,"BD",0.36,1196.76
389,"AB",0.733333333333333,1206.08
389,"CD",0.64,1191.09333333333
389,"CA",0.6,2301.76
389,"CB",0.68,4156.64
389,"AD",0.68,3774.84
389,"BD",0.48,2185
390,"AB",0.59,1170.03
390,"CD",0.72,1361.76
390,"CA",0.08,914.84
390,"CB",0.96,878.12
390,"AD",1,1204.36
390,"BD",0.16,1319.64
391,"AB",0.76,1124.61
391,"CD",0.68,1177.56
391,"CA",0.12,2560.16
391,"CB",0.96,1378.08
391,"AD",1,1478.8
391,"BD",0.08,1495.92
392,"AB",0.57,1203.15
392,"CD",0.52,1566.06
392,"CA",1,1093.32
392,"CB",0.92,913.56
392,"AD",1,1153.4
392,"BD",1,1211.52
393,"AB",0.53,1510.93
393,"CD",0.6,2101.08
393,"CA",0.6,1014.72
393,"CB",0.6,873.84
393,"AD",0.72,1420.88
393,"BD",0.68,1302.6
394,"AB",0.85,985.36
394,"CD",0.92,1091.5
394,"CA",1,1243.44
394,"CB",0.88,1008.8
394,"AD",1,1127.96
394,"BD",1,1389.44
395,"AB",0.58,1500.82
395,"CD",0.66,1738.78
395,"CA",0.92,1847.24
395,"CB",1,2054.28
395,"AD",1,1685.4
395,"BD",1,1943.48
396,"AB",0.96,802.29
396,"CD",0.78,841.84
396,"CA",1,1091.44
396,"CB",1,837.16
396,"AD",1,1351.08
396,"BD",0,1179.24
397,"AB",0.933333333333333,946.746666666667
397,"CD",0.92,968.146666666667
397,"CA",0.76,1304.44
397,"CB",1,1090.16
397,"AD",0.92,1234.68
397,"BD",0.08,1457.68
398,"AB",0.67,815.86
398,"CD",0.76,871.18
398,"CA",0.96,841.24
398,"CB",0.96,748.04
398,"AD",1,959.88
398,"BD",1,1097.16
399,"AB",0.46,947.81
399,"CD",0.42,1249.92
399,"CA",0.52,1177.28
399,"CB",0.4,1481.2
399,"AD",0.48,904.36
399,"BD",0.6,1407.84
400,"AB",0.56,1240.39
400,"CD",0.5,1352.6
400,"CA",0.32,1224.44
400,"CB",0.28,1087.08
400,"AD",0.28,1191.8
400,"BD",0.44,1159.76
401,"AB",0.533333333333333,1342.97333333333
401,"CD",0.586666666666667,1038.44
401,"CA",0.44,1210.68
401,"CB",0.84,1344.36
401,"AD",0.76,1079.76
401,"BD",0.52,1156.48
402,"AB",0.72,795.6
402,"CD",0.72,1085.06
402,"CA",0.12,1097.16
402,"CB",1,984.32
402,"AD",0.96,986.88
402,"BD",0,1070.16
403,"AB",0.99,1237.39
403,"CD",0.5,910.46
403,"CA",1,764.76
403,"CB",0.88,868.48
403,"AD",0.04,2345.52
403,"BD",0.08,965.2
404,"AB",0.44,1469.96
404,"CD",0.493333333333333,1569.62666666667
404,"CA",0.72,1703
404,"CB",0.24,1346.36
404,"AD",0.44,1609.28
404,"BD",0.56,1379.08
405,"AB",0.746666666666667,1153.54666666667
405,"CD",0.88,1081.09333333333
405,"CA",0.96,1207.8
405,"CB",0.96,1153.88
405,"AD",1,1093.36
405,"BD",1,1456.52
406,"AB",0.36,955.306666666667
406,"CD",0.6,970.92
406,"CA",0.6,806.04
406,"CB",0.48,908.76
406,"AD",0.48,701.6
406,"BD",0.56,876.8
407,"AB",0.75,1234.95
407,"CD",0.8,1299.14
407,"CA",0.4,2062.24
407,"CB",0.84,1736.64
407,"AD",1,1346.24
407,"BD",1,1759
408,"AB",0.56,1092.65
408,"CD",0.34,1105.86
408,"CA",0.4,1478.32
408,"CB",0.44,1959.36
408,"AD",0.6,1439.16
408,"BD",0.44,1900.88
409,"AB",0.666666666666667,990.733333333333
409,"CD",0.693333333333333,1058.14666666667
409,"CA",0.92,954.72
409,"CB",1,900.36
409,"AD",0.92,1096
409,"BD",0.08,1142.56
410,"AB",0.71,976.59
410,"CD",0.62,1239.62
410,"CA",0.48,903.12
410,"CB",0.84,1000
410,"AD",0.48,1143.16
410,"BD",0.24,958.4
411,"AB",0.45,4571.76
411,"CD",0.82,7868.56
411,"CA",0.12,1080.72
411,"CB",0.88,925.56
411,"AD",1,1282.16
411,"BD",0.16,1132.36
412,"AB",0.67,1238.56
412,"CD",0.72,1732.96
412,"CA",0.2,2534.84
412,"CB",0.72,1719.92
412,"AD",0.44,2315.32
412,"BD",0.2,1798.16
413,"AB",0.63,1160.15
413,"CD",0.62,1454.34
413,"CA",0.6,1234.44
413,"CB",0.96,1136.8
413,"AD",0.88,1192.76
413,"BD",0.52,1486.72
414,"AB",0.8,1058.07
414,"CD",0.3,1357.48
414,"CA",0,865.4
414,"CB",0.08,1449.32
414,"AD",1,956.44
414,"BD",0.96,1107.16
415,"AB",0.27,1180.3
415,"CD",0.76,1605.9
415,"CA",0.96,1005.72
415,"CB",1,718.28
415,"AD",0.04,945.84
415,"BD",0,994.28
416,"AB",0.72,1170.01333333333
416,"CD",0.853333333333333,1301.48
416,"CA",0.96,753.4
416,"CB",0.88,755.52
416,"AD",0.16,1547.84
416,"BD",0.12,863.76
417,"AB",0.51,1272.17
417,"CD",0.6,1455.52
417,"CA",0.52,1125.24
417,"CB",0.52,1481.6
417,"AD",0.72,1205
417,"BD",0.64,1230.8
418,"AB",0.51,974.04
418,"CD",0.4,778.14
418,"CA",1,750.12
418,"CB",0.96,990.88
418,"AD",0.88,906.88
418,"BD",0.08,925.4
419,"AB",0.83,2354.62
419,"CD",0.9,2659.68
419,"CA",0.56,1317.36
419,"CB",0.48,1126.72
419,"AD",0.64,968.4
419,"BD",0.6,1164.6
420,"AB",0.613333333333333,1312.29333333333
420,"CD",0.68,1352.57333333333
420,"CA",0.56,1559.96
420,"CB",0.92,1824.08
420,"AD",0.96,1338.64
420,"BD",0.72,1695.52
421,"AB",0.91,772.27
421,"CD",0.86,1000.52
421,"CA",0.8,825.36
421,"CB",0.84,1007.04
421,"AD",0.76,921.92
421,"BD",0.08,906.04
422,"AB",0.53,1006.35
422,"CD",0.46,987.48
422,"CA",0.32,1331.08
422,"CB",0.52,1392.12
422,"AD",0.8,1327.08
422,"BD",0.84,1365.04
423,"AB",0.16,1211.82666666667
423,"CD",0.84,1237.82666666667
423,"CA",0.6,1661.36
423,"CB",0.36,1667.2
423,"AD",0.52,1700.36
423,"BD",0.8,1102.76
424,"AB",0.65,1113.56
424,"CD",0.66,1248.24
424,"CA",0.64,1063.52
424,"CB",0.64,1176.64
424,"AD",0.44,1241.8
424,"BD",0.64,1024.64
425,"AB",0.693333333333333,1764.42666666667
425,"CD",0.693333333333333,1797
425,"CA",0.4,2952
425,"CB",0.72,2807.44
425,"AD",0.92,2266.8
425,"BD",0.8,2571.08
426,"AB",0.53,1338.54
426,"CD",0.54,1823.18
426,"CA",0.36,5157.44
426,"CB",0.64,1996.52
426,"AD",0.64,2912.92
426,"BD",0.48,5784.92
427,"AB",0.62,1387.32
427,"CD",0.5,1252.98
427,"CA",0.08,1511.76
427,"CB",0.28,3496.16
427,"AD",0.96,1424.2
427,"BD",0.92,1606.6
428,"AB",0.373333333333333,831.346666666667
428,"CD",0.493333333333333,947.28
428,"CA",1,1032.84
428,"CB",0.92,1023.84
428,"AD",0.96,936.2
428,"BD",1,919.12
429,"AB",0.93,975.29
429,"CD",0.96,1144.1
429,"CA",0.88,684.2
429,"CB",0.84,810.24
429,"AD",0.08,804.96
429,"BD",0.12,859.04
430,"AB",0.32,940.066666666667
430,"CD",0.826666666666667,893.266666666667
430,"CA",0.72,659.4
430,"CB",0.36,652.08
430,"AD",0.96,898.16
430,"BD",0.96,692.08
431,"AB",0.66,1308.33
431,"CD",0.66,1266.78
431,"CA",0.8,1616.84
431,"CB",0.96,2168.68
431,"AD",0.72,2347.32
431,"BD",0.32,1771.44
432,"AB",0.62,1021.48
432,"CD",0.5,1191.22
432,"CA",0.88,860.88
432,"CB",0.96,801.44
432,"AD",0.92,973.68
432,"BD",0,1213.4
433,"AB",0.6,1048.25
433,"CD",0.54,980.7
433,"CA",0.8,1236.12
433,"CB",1,1378.92
433,"AD",0.92,1356.04
433,"BD",0.8,2199.6
434,"AB",0.64,1746.3
434,"CD",0.42,2429.06
434,"CA",0.04,1954.04
434,"CB",0,3135.36
434,"AD",1,2622.52
434,"BD",0.96,5554.88
435,"AB",0.55,885.6
435,"CD",0.64,969.36
435,"CA",0.68,1317.32
435,"CB",0.72,1305.56
435,"AD",0.64,1583.92
435,"BD",0.76,1492
436,"AB",0.32,2513.8
436,"CD",0.32,1663.6
436,"CA",0.04,1178.88
436,"CB",0,934
436,"AD",1,1805.88
436,"BD",1,994.68
437,"AB",0.85,944.88
437,"CD",0.76,987.06
437,"CA",0.12,1155.44
437,"CB",1,1143.6
437,"AD",1,920.56
437,"BD",0,1386.64
438,"AB",0.72,1152.94666666667
438,"CD",0.44,1166.13333333333
438,"CA",0.56,1163.04
438,"CB",0.64,1205.8
438,"AD",0.44,1162.04
438,"BD",0.28,1006.16
439,"AB",0.5,2206.22
439,"CD",0.6,2056.64
439,"CA",1,1058
439,"CB",1,822.52
439,"AD",0.92,1733.04
439,"BD",1,2282.84
440,"AB",0.75,1251.29
440,"CD",0.78,1363.68
440,"CA",0.4,1365.12
440,"CB",0.76,1267.68
440,"AD",0.96,940.52
440,"BD",0.76,1412.04
441,"AB",0.8,1007.84
441,"CD",0.76,1181.8
441,"CA",0.04,1075.44
441,"CB",0.8,1454.8
441,"AD",1,900.28
441,"BD",1,1113.12
442,"AB",0.74,1142.45
442,"CD",0.78,1385.72
442,"CA",0.16,1385.72
442,"CB",1,1391.88
442,"AD",1,862.64
442,"BD",1,1738.36
443,"AB",0.613333333333333,1151.16
443,"CD",0.52,1267.02666666667
443,"CA",0.12,1485.52
443,"CB",0.8,1542.72
443,"AD",0.92,1487.64
443,"BD",0.28,1820.64
444,"AB",0.373333333333333,1052.33333333333
444,"CD",0.333333333333333,1044.45333333333
444,"CA",0.72,1172.68
444,"CB",0.36,1240.28
444,"AD",0.28,1038.8
444,"BD",0.48,738.12
445,"AB",0.95,942.22
445,"CD",0.94,1001.58
445,"CA",1,1429.56
445,"CB",1,938.56
445,"AD",0.84,899.72
445,"BD",0.88,1275.8
446,"AB",0.6,801.5
446,"CD",0.7,1176.7
446,"CA",0.96,1214
446,"CB",1,960
446,"AD",1,1366.76
446,"BD",0.92,1383.76
447,"AB",0.91,852.96
447,"CD",0.8,1255.32
447,"CA",0.16,1165.56
447,"CB",1,1046.44
447,"AD",1,932.52
447,"BD",0,1137.4
448,"AB",0.613333333333333,1100.14666666667
448,"CD",0.706666666666667,920.226666666667
448,"CA",0.76,758.48
448,"CB",0.96,855.48
448,"AD",1,896.8
448,"BD",0.84,1002.64
449,"AB",0.67,868.28
449,"CD",0.78,1238.66
449,"CA",0.6,1504.72
449,"CB",0.24,1415.2
449,"AD",0.52,1514.88
449,"BD",0.92,1000.12
450,"AB",0.626666666666667,1581.94666666667
450,"CD",0.72,1534.57333333333
450,"CA",0.48,1451.28
450,"CB",0.72,2101.92
450,"AD",0.4,1733.56
450,"BD",0.36,1417.96
451,"AB",0.99,1180.19
451,"CD",0.02,859.74
451,"CA",0.2,1555.12
451,"CB",0.92,1992.84
451,"AD",0.16,2398.36
451,"BD",0,1711.52
452,"AB",0.94,1330.76
452,"CD",0.96,1696.94
452,"CA",0.68,2513.64
452,"CB",0.8,5533.12
452,"AD",0.48,2820.2
452,"BD",0.28,1772.88
453,"AB",0.99,1264.18
453,"CD",0.96,2147.88
453,"CA",0.56,1100.16
453,"CB",0.96,1144.52
453,"AD",0.36,1352.92
453,"BD",0,1207.64
454,"AB",0.453333333333333,1901.17333333333
454,"CD",0.546666666666667,1815.70666666667
454,"CA",0.72,936.68
454,"CB",0.64,861.8
454,"AD",0.52,1002.84
454,"BD",0.88,779.68
455,"AB",0.26,861.5
455,"CD",0.36,1079.78
455,"CA",0.48,1205.76
455,"CB",0.28,1024
455,"AD",0.48,1089.64
455,"BD",0.56,1032.48
456,"AB",0.55,1068.26
456,"CD",0.38,1227.88
456,"CA",0.04,767.68
456,"CB",0.84,973.04
456,"AD",0.8,668.28
456,"BD",0.16,792.76
457,"AB",0.27,881.66
457,"CD",0.86,1043.84
457,"CA",0.08,1827.64
457,"CB",0.12,1735.24
457,"AD",0.76,1596.04
457,"BD",0.24,2435.76
458,"AB",0.8,1294.81333333333
458,"CD",0.853333333333333,1020.29333333333
458,"CA",0.92,1138.16
458,"CB",1,772
458,"AD",0.12,909.8
458,"BD",0.04,1017.12
459,"AB",0.16,1052.54
459,"CD",0.8,1282.72
459,"CA",0.28,1520.56
459,"CB",0.56,1828.72
459,"AD",0.4,1775.92
459,"BD",0.36,1406.32
460,"AB",0.7,1038.02
460,"CD",0.6,1164.3
460,"CA",0.92,1018.44
460,"CB",0.96,936.48
460,"AD",0.76,991.8
460,"BD",0.28,1378.76
461,"AB",0.96,1001.27
461,"CD",0.84,1283.66
461,"CA",0.16,1114.84
461,"CB",0.8,1228.56
461,"AD",0.88,1015.8
461,"BD",0.04,1179.4
462,"AB",0.78,966.95
462,"CD",0.84,931.4
462,"CA",0.2,1003
462,"CB",1,854.88
462,"AD",1,752.56
462,"BD",0,824.44
463,"AB",0.68,1398.42
463,"CD",0.6,1518.36
463,"CA",0.32,1586.64
463,"CB",0.64,1162.28
463,"AD",0.84,1502.6
463,"BD",0.68,1299.8
464,"AB",0.71,665.81
464,"CD",0.66,866.42
464,"CA",0.04,630.92
464,"CB",0.2,912
464,"AD",0.88,650.4
464,"BD",0.72,848.16
465,"AB",0.48,1292.54
465,"CD",0.9,1434.58
465,"CA",0.88,1681.32
465,"CB",0.8,1609.68
465,"AD",0.88,1874.36
465,"BD",0.72,1489.24
466,"AB",0.573333333333333,913.533333333333
466,"CD",0.506666666666667,942.253333333333
466,"CA",0.4,948.8
466,"CB",0.88,1170.04
466,"AD",0.96,1156.92
466,"BD",0.76,1428
467,"AB",0.83,1886.36
467,"CD",0.8,2063.18
467,"CA",0,3073.2
467,"CB",1,3179.56
467,"AD",1,2200.84
467,"BD",0,2881.4
468,"AB",0.42,1209.95
468,"CD",0.68,1140.18
468,"CA",0.52,970.48
468,"CB",0.44,1043.64
468,"AD",0.4,1200.04
468,"BD",0.48,1178.4
469,"AB",0.826666666666667,1598.88
469,"CD",0.84,1490.64
469,"CA",0.12,883.2
469,"CB",0.12,3889.72
469,"AD",0.96,2164.52
469,"BD",0.88,1014.6
470,"AB",0.45,1151.53
470,"CD",0.88,1139.6
470,"CA",0.96,1211.72
470,"CB",1,1346.12
470,"AD",0.84,1522.48
470,"BD",0.88,1419.28
471,"AB",0.58,2018.88
471,"CD",0.12,1868.02
471,"CA",0.64,1687.72
471,"CB",0.72,1360.4
471,"AD",0.12,1562.88
471,"BD",0.04,1804.04
472,"AB",0.43,1828.11
472,"CD",0.5,1705.32
472,"CA",0.88,3052.8
472,"CB",0.4,3497.12
472,"AD",0.72,2688.72
472,"BD",0.72,2212.04
473,"AB",0.15,1431.7
473,"CD",0.18,1593.16
473,"CA",0.88,1950.32
473,"CB",0.96,1779.8
473,"AD",1,1486.16
473,"BD",0.92,2770.72
474,"AB",0.81,1249.5
474,"CD",0.92,1861.96
474,"CA",0.04,884.28
474,"CB",0.36,1012.64
474,"AD",1,1010.28
474,"BD",1,902.96
475,"AB",0.53,1504.73
475,"CD",0.58,2163.62
475,"CA",0.88,1237.68
475,"CB",0.8,994.28
475,"AD",0.76,1165.88
475,"BD",0.28,1570.72
476,"AB",0.64,1124.36
476,"CD",0.866666666666667,1068.16
476,"CA",0.8,1148.76
476,"CB",0.96,1560.04
476,"AD",1,1110.24
476,"BD",0.96,1324.36
477,"AB",0.82,1532.37
477,"CD",0.02,1351.66
477,"CA",0,1436.16
477,"CB",0,1761.92
477,"AD",0.04,1847.92
477,"BD",0,1741.24
478,"AB",0.58,1377.12
478,"CD",0.72,1769.88
478,"CA",0.4,1343.56
478,"CB",1,1718.24
478,"AD",0.88,1489.08
478,"BD",0.04,1856.8
479,"AB",0.5,1280.8
479,"CD",0.5,1438.02
479,"CA",0,1311.12
479,"CB",1,1458.36
479,"AD",0.96,1226.16
479,"BD",1,1601.96
480,"AB",0.75,1205.17
480,"CD",0.58,1492.58
480,"CA",0.24,1245.16
480,"CB",0.92,1195.28
480,"AD",0.96,974.32
480,"BD",0.28,1622.36
481,"AB",0.773333333333333,1104.02666666667
481,"CD",0.973333333333333,1178.72
481,"CA",1,1201.28
481,"CB",1,1272.8
481,"AD",1,1518.28
481,"BD",1,1536.88
482,"AB",0.48,1152.05333333333
482,"CD",0.146666666666667,1634.26666666667
482,"CA",0.96,2043.04
482,"CB",0.96,1238.68
482,"AD",0.08,1418.48
482,"BD",0.04,1250.16
483,"AB",0.22,1575.12
483,"CD",0.9,1666.16
483,"CA",0.56,975.68
483,"CB",0.32,925.16
483,"AD",0.72,1035.32
483,"BD",0.76,752.76
484,"AB",0.99,678.51
484,"CD",0.84,824.92
484,"CA",0,464.6
484,"CB",1,821.92
484,"AD",1,553.72
484,"BD",0,1005.96
485,"AB",0.72,2164.53333333333
485,"CD",0.706666666666667,1543.49333333333
485,"CA",1,3867.28
485,"CB",1,1576.84
485,"AD",1,4902.68
485,"BD",0,3117.32
486,"AB",0.7,1037.92
486,"CD",0.96,1120.96
486,"CA",1,705.12
486,"CB",1,699.04
486,"AD",1,874.72
486,"BD",1,1158.48
487,"AB",0.67,1307.79
487,"CD",0.72,1248.22
487,"CA",0.84,1388.4
487,"CB",1,1048.32
487,"AD",0.92,1133.24
487,"BD",0.08,2572.56
488,"AB",0.66,837.36
488,"CD",0.8,913.86
488,"CA",0,789.32
488,"CB",0,824.24
488,"AD",0.96,890.48
488,"BD",1,742.16
489,"AB",0.95,1062.76
489,"CD",0.94,1168.14
489,"CA",0.08,1159.92
489,"CB",0.4,1175.68
489,"AD",1,1230.92
489,"BD",0.88,1199.16
490,"AB",0.73,1280.89
490,"CD",0.84,1396.94
490,"CA",0.72,2020.12
490,"CB",1,1256.36
490,"AD",0.96,1438.72
490,"BD",0.2,1737.16
491,"AB",0.72,1147.78
491,"CD",0.46,1135.62
491,"CA",0.28,1490.32
491,"CB",0.12,1532.12
491,"AD",0.04,1269.8
491,"BD",0.2,1441.68
492,"AB",0.546666666666667,1378.78666666667
492,"CD",0.653333333333333,1281.93333333333
492,"CA",0.4,1933.84
492,"CB",0.84,1392.48
492,"AD",1,1160.92
492,"BD",0.88,1418.08
493,"AB",0.373333333333333,1446.53333333333
493,"CD",0.386666666666667,1553.2
493,"CA",0.48,3087.12
493,"CB",0.28,1692.88
493,"AD",0.28,1549.32
493,"BD",0.6,1272.44
494,"AB",0.86,1841.73
494,"CD",0.5,1735.56
494,"CA",0.4,1373.56
494,"CB",0.6,1376.8
494,"AD",0.76,1284.32
494,"BD",0.76,1444.92
495,"AB",0.973333333333333,963.28
495,"CD",0.933333333333333,874.373333333333
495,"CA",0.96,886.4
495,"CB",1,907.92
495,"AD",1,991.2
495,"BD",1,1301.56
496,"AB",0.41,1471.53
496,"CD",0.58,1758.7
496,"CA",0.4,1284.84
496,"CB",0.44,1416.96
496,"AD",0.72,1051
496,"BD",0.44,1011.36
497,"AB",0.68,1213.31
497,"CD",0.48,1399.36
497,"CA",0.68,933.04
497,"CB",0.56,983.88
497,"AD",0.28,857.76
497,"BD",0.44,822.44
498,"AB",0.53,827.46
498,"CD",0.64,1077.38
498,"CA",0.4,1032.92
498,"CB",0.24,754.16
498,"AD",0.76,983.88
498,"BD",0.76,799
499,"AB",0.87,1016.93
499,"CD",0.9,1215.46
499,"CA",0.04,1520.96
499,"CB",1,975.32
499,"AD",1,1157.52
499,"BD",0.04,1091.04
500,"AB",0.91,1436.92
500,"CD",0.9,1289.96
500,"CA",0.2,1576.2
500,"CB",1,4822.52
500,"AD",0.72,4679
500,"BD",0,3795.96
501,"AB",0.62,1141.75
501,"CD",0.86,1537.38
501,"CA",0.92,1038.68
501,"CB",0.96,1172.04
501,"AD",1,1196.88
501,"BD",1,1450.6
502,"AB",0.49,1581.56
502,"CD",0.28,1858.58
502,"CA",0.44,1321.84
502,"CB",0.56,1098.4
502,"AD",0.48,895.04
502,"BD",0.4,952.44
503,"AB",0.8,978.41
503,"CD",0.4,1477.72
503,"CA",0.32,1101.52
503,"CB",0.72,2046.4
503,"AD",0.76,1808.56
503,"BD",0.72,1959.52
504,"AB",0.71,1489.43
504,"CD",0.3,1692.6
504,"CA",0.16,1207.28
504,"CB",0.16,1046.88
504,"AD",0.76,748.96
504,"BD",0.68,1116.8
505,"AB",0.95,1095.6
505,"CD",0.94,1441.86
505,"CA",1,935.88
505,"CB",1,907.8
505,"AD",0.08,1653.44
505,"BD",0,1579
506,"AB",0.54,1364.41
506,"CD",0.84,1580.6
506,"CA",0.44,1210.8
506,"CB",0.68,1154.04
506,"AD",0.56,1074.84
506,"BD",0.64,1242.84
507,"AB",0.81,1010.46
507,"CD",0.84,1195.28
507,"CA",0.88,1676.24
507,"CB",0.24,1401.96
507,"AD",1,1126.92
507,"BD",1,1269.24
508,"AB",0.67,1275.07
508,"CD",0.56,1527.4
508,"CA",0.6,1314.92
508,"CB",0.96,1510.88
508,"AD",0.92,1382.64
508,"BD",0.12,2442.52
509,"AB",0.48,1155.41333333333
509,"CD",0.64,1183.2
509,"CA",0.28,1117.84
509,"CB",0.96,1401.52
509,"AD",0.96,1135.36
509,"BD",0.84,1416.56
510,"AB",0.93,1130.38
510,"CD",0.76,1279.78
510,"CA",0.12,1748.96
510,"CB",1,1320.08
510,"AD",0.96,1499.64
510,"BD",0.96,1627.24
511,"AB",0.666666666666667,871.28
511,"CD",0.733333333333333,1014.16
511,"CA",1,1020.16
511,"CB",1,1029.72
511,"AD",1,865.8
511,"BD",0.92,1059.64
512,"AB",0.53,1853.38
512,"CD",0.6,1693.46
512,"CA",0.48,1486.92
512,"CB",1,1806.28
512,"AD",0.72,1527.12
512,"BD",0.04,1975.16
513,"AB",0.55,988.06
513,"CD",0.58,1343.22
513,"CA",0.32,762.72
513,"CB",0.56,790.4
513,"AD",0.56,860.36
513,"BD",0.6,1009.6
514,"AB",0.58,1304.92
514,"CD",0.54,1593.42
514,"CA",0,2238.44
514,"CB",0.64,2329.4
514,"AD",1,2424.64
514,"BD",1,1622.56
515,"AB",0.39,1573.22
515,"CD",0.32,1836.16
515,"CA",0.2,1036.96
515,"CB",0.64,1847.72
515,"AD",0.72,994.8
515,"BD",0.2,1251.44
